companyCode,news_stress,entity_stress_fundamental
20ML,0.5205,9.21
AABPPI,0.3171,9.34
AACIPR,0.1701,10.18
AADPAL,0.403,10.94
AAFIPL,0.1574,9.64
AAGECPL,0.3344,12.24
AAKTIL,0.3451,11.58
AANVIKMERC,0.4353,14.69
AARAPL,0.331,16.86
AARDRUL,0.3426,11.58
AASOPL,0.5099,11.91
AATEPL35,0.2077,15.67
ABB,0.3273,10.79
ABCCPL,0.445,85.77
ABHINDLTD,0.3545,10.75
ABJTES,0.5425,21.84
ABL,0.613,22.72
ABMTMPL,0.5625,19.32
ABNCONS,0.3979,7.9
ABNMIL,0.4778,60.0
ABSEIPL,0.4915,45.01
ABSMSPL,0.3409,12.13
ABUEPL,0.3869,60.0
ACCLTD,0.467,9.8
ACCPRL,0.6236,9.7
ACEMSL,0.3588,10.73
ACLADP,0.3454,20.94
ACMESL,0.3944,11.93
ACMETL,0.366,10.8
ACNCIPL,0.4797,10.95
ACPEPL61,0.4425,10.61
ACSBPL,0.2257,27.64
ACSHPL,0.4313,20.54
ACTCTL,0.327,13.2
ACUDES,0.5681,25.59
ACVUPL,0.4234,14.22
ADAIHL,0.4418,12.81
ADBFSPL,0.4476,21.56
ADBLBL,0.3626,9.26
ADCA,0.4571,12.69
ADCHIL,0.5718,11.02
ADCIL,0.365,10.4
ADGEUL,0.3805,8.31
ADGREL,0.415,13.03
ADNGS,0.4284,10.96
ADNPT,0.1576,11.96
ADNTJES,0.941,9.78
ADOPL,0.4215,16.62
ADPLAD,0.3453,19.68
ADPOPL,0.3805,12.06
ADRETL52,0.4107,11.22
ADTRLI,0.3745,13.35
ADTSWL,0.3784,10.37
ADTUSPL,0.4815,16.25
ADVNP,0.4239,30.11
ADWETL,0.4328,10.72
ADYGBM,0.3329,10.89
ADYSW,0.3153,12.49
AEABAR,0.4249,10.45
AEABPL,0.2167,13.6
AECFPL,0.4357,10.27
AEGEPL78,0.4462,12.93
AEGSPLD,0.4483,60.0
AEPIPLTD,0.4937,11.61
AEPLTD,0.576,9.51
AERLEE,0.432,20.4
AERREPL,0.4895,10.93
AESARF,0.3478,11.23
AFBX,0.3803,10.31
AFEBL,0.3539,42.29
AFFEPL,0.5028,47.21
AFFTPL,0.3311,12.04
AFOSPL,0.4921,46.25
AFPCPL,0.3883,18.06
AGDILI,0.3956,11.42
AGEH,0.3483,8.72
AGGIPL,0.4337,24.86
AGLL,0.4349,60.0
AGPRLI,0.1262,13.47
AGRPPL,0.3631,12.16
AGSPLL,0.0511,27.6
AHCON,0.4679,48.34
AHSFPL,0.3396,7.69
AICITL,0.4127,11.54
AIFSUR,0.3078,60.0
AIHFPL,0.5439,87.11
AIHPL,0.4481,23.33
AILESN,0.4107,23.66
AIOGPL,0.4003,8.42
AIREPL,0.359,12.6
AIRFG,0.3972,30.46
AIRINAR,0.4775,14.62
AISCO,0.4588,12.31
AISHPDPPL,0.4882,31.83
AIWPL,0.3454,9.18
AJCOIN,0.4968,41.84
AJPOPL,0.4169,12.14
AJSPPL,0.3684,10.94
AKASHIP,0.3119,37.16
AKASNM,0.3341,13.87
AKCRPL,0.4407,86.55
AKIEL,0.4262,9.63
AKMPPL,0.4241,22.97
AKRBCL,0.3801,12.32
AKRFML,0.4965,60.0
AKSHIL,0.4035,12.28
AKSPPA,0.4936,60.0
ALCBDL,0.487,9.72
ALDISER,0.4746,13.61
ALEPPL,0.5202,31.68
ALERIM,0.3113,10.51
ALIL,0.5683,9.74
ALINPI,0.5188,12.62
ALKAMIN,0.4434,10.74
ALKMCPL,0.3254,18.74
ALKMS,0.3783,8.96
ALLABLT,0.5418,8.72
ALOSHI,0.3436,15.41
ALPHAGE,0.4581,60.0
ALPKPL,0.4637,25.82
ALPRCH,0.4946,35.34
ALXEPL,0.1707,11.72
AMBPL,0.3293,11.19
AMBTEL,0.5653,86.12
AMDFSPL,0.2953,10.83
AMHOPL65,0.4008,29.12
AMJCTPL,0.5015,27.98
AMJLSPL,0.472,26.42
AMKSPL,0.4638,8.31
AMMTRS,0.4698,11.37
AMNSAM,0.3075,8.63
AMNTSPL,0.1776,13.55
AMOST,0.0416,11.29
AMPSPL,0.3854,7.36
AMRCSPL,0.4951,11.97
AMRJEL,0.364,22.97
AMRJIPL,0.3265,19.43
AMRJPSL,0.4193,7.96
AMSEFO,0.8345,20.41
AMSEYP,0.5438,60.0
AMSORS,0.3326,12.57
AMSPET,0.2476,11.35
AMSPPL,0.4782,23.87
AMTSP,0.4137,10.71
AMTSPL,0.396,84.21
AMUDFA,0.06,11.41
AMWL,0.4776,11.7
ANARAJ,0.4792,14.01
ANBULL,0.5083,30.09
ANCHES,0.3937,10.82
ANDIPI,0.4449,12.9
ANFOBH,0.4854,29.32
ANGEIL,0.5147,14.93
ANHL,0.4114,12.28
ANIULI,0.437,37.24
ANJTP,0.4145,12.46
ANMCEG,0.4232,26.41
ANPCNC,0.3742,12.46
ANPID,0.4333,60.0
ANPMF,0.3737,12.94
ANTAIDS,0.6357,27.61
ANTPLI,0.296,10.59
ANTWML,0.0674,12.05
AOPMPL,0.4584,17.38
AOSAAP,0.4766,13.03
AOSPEL,0.6588,13.66
AOVEPL,0.3716,35.03
APCEL,0.4184,23.61
APFTPL,0.3395,12.51
APGEPO,0.2239,7.47
APGMPL,0.3972,10.41
APGPLTD,0.4128,49.45
APHONL,0.2392,12.03
APLHOSENTL,0.3557,10.05
APLHTLFLD,0.3434,9.93
APLP,0.5258,9.48
APMPLI,0.4801,12.47
APOLLI,0.5638,87.04
APOPLTD,0.292,12.28
APOTYLT,0.5106,12.91
APPDCL,0.417,67.14
APPHLI,0.4469,16.34
APSCPLD,0.3431,7.93
APSETP,0.4016,7.98
APSHPL,0.3979,8.98
APSNSI,0.2184,9.18
APSXLTD,0.1749,11.76
APTG,0.6344,21.06
ARAMT,0.4445,25.99
ARCPLM,0.4308,24.43
ARFILI,0.4457,11.0
ARFSPL,0.3441,14.79
ARFW,0.464,10.95
ARGOPL,0.4279,10.04
ARHSRSPL,0.413,31.75
ARIAL,0.4222,10.56
ARIFSP,0.1778,21.18
ARINDLT,0.1701,10.82
ARINPI,0.5747,30.52
ARISRML,0.377,12.08
ARJCPL,0.4801,86.62
ARJNEL,0.2308,9.14
ARJNI,0.3791,17.18
ARKIPL,0.4778,60.0
ARPLPI,0.3402,19.06
ARRSPP,0.3925,60.0
ARSSB,0.4742,12.89
ARTPL,0.3421,39.72
ARTR,0.4842,16.88
ASAINDI,0.3025,13.46
ASAIPL,0.4985,60.0
ASALCHB,0.556,10.0
ASAURI,0.1701,10.1
ASCSPL,0.6289,60.0
ASEJSP,0.4242,12.35
ASHFCL,0.3192,2.21
ASHIPL,0.4689,10.08
ASHTML,0.2429,13.47
ASHTS,0.4475,8.7
ASLEL,0.4716,23.36
ASML,0.4511,60.0
ASNCTC,0.482,17.23
ASNPGL,0.5559,12.18
ASRCPL,0.2848,12.1
ASSCEL,0.4337,10.47
ASSPSPL,0.4313,12.97
ASTCL,0.4672,12.78
ASTELL,0.1446,23.47
ASTMICPL,0.5091,11.21
ATCVL,0.4106,23.7
ATDPL,0.4011,24.96
ATIL,0.3911,15.08
ATINLIL,0.3993,11.95
ATKOSL,0.3144,60.0
ATLCOPC,0.3651,10.24
ATPALL,0.435,30.27
ATSAPLTD,0.2612,12.04
ATSENL,0.6514,10.56
ATSEOP,0.0589,8.04
ATUAUTO,0.3587,11.87
AUFIPL,0.3932,11.65
AUPSIL,0.2679,13.22
AUTIPL,0.4748,60.0
AUTMPL,0.3725,17.59
AVAFPL,0.406,13.49
AVANPL,0.4101,13.62
AVDPL,0.3927,13.45
AVFIPL,0.4412,19.53
AVFLTD,0.0411,11.76
AVFPEL,0.5053,14.94
AVGJPL76,0.3525,10.94
AVGPAL,0.4599,12.62
AVHCMPL,0.3481,11.14
AVHEGR,0.1867,24.57
AVINIL,0.628,42.79
AVMFPL,0.3884,12.97
AVNSPL,0.4292,9.13
AVPLED,0.4862,38.05
AVSOLI,0.3368,8.63
AVTWSL,0.2097,12.1
AWALIM,0.483,11.74
AWWMPL,0.3432,12.53
AXALTD,0.4862,32.78
AYAGL,0.4699,60.0
AYCAEL,0.2372,16.75
AYCXPLTD,0.4242,86.47
AZPFPL,0.6037,11.34
AZPIPL,0.4778,13.65
BAACFL,0.3891,12.3
BADAPL,0.4935,13.37
BAENRM,0.4698,12.37
BAFLST,0.2892,10.12
BAHOFL,0.384,11.74
BAJAUTF,0.5553,11.08
BAJSL,0.3334,8.28
BALKRIS,0.3952,9.98
BALWVAN,0.4745,10.1
BANSO,0.176,17.19
BAPHARM,0.3584,13.42
BAPOLI,0.5427,14.22
BAPRIT,0.3917,12.21
BAPRRL,0.3346,13.38
BASIL,0.4874,85.77
BAXLIM,0.3286,10.96
BBDBSPL,0.3225,16.18
BBELTD,0.4655,40.71
BBGGCH,0.4948,10.3
BBKSPL,0.4273,30.61
BBMMHA,0.5264,24.27
BCEI,0.3518,13.4
BCHEL,0.5325,11.14
BCIP,0.5663,10.12
BCRNPL,0.2793,13.18
BDACPL,0.3487,10.57
BDCMPULTD,0.3414,10.28
BDGM,0.4431,11.65
BDMPLB,0.6625,14.92
BDOXPL,0.4045,9.01
BDSPPL46,0.5051,15.0
BDVENL,0.3435,12.58
BEBIPI,0.2228,21.23
BEDTPL,0.2808,23.7
BENCOLE,0.3886,60.0
BEPRRL,0.4478,27.83
BERPAIN,0.5623,11.79
BESMML,0.4338,9.27
BGDIPL,0.3718,11.94
BGFOIPL,0.9172,10.28
BGLIPPL,0.3888,13.28
BGTFEL,0.4901,36.84
BHAGEAR,0.4361,22.44
BHAGIM,0.3873,15.69
BHAPETR,0.3488,10.5
BHARRL,0.4478,28.56
BHCHPL,0.4947,46.1
BHCLPL,0.3958,17.34
BHER,0.3517,17.63
BHHIIN,0.367,9.82
BHISPIN,0.7037,27.86
BHISUP,0.2106,12.32
BHMIAC,0.552,24.09
BHPEPL,0.4767,39.8
BHPRDL,0.4857,16.16
BHRTELELD,0.6634,12.56
BHSPRL,0.446,33.73
BHSTPI,0.0401,27.51
BHTCPL,0.788,34.61
BHUNPL,0.3095,23.53
BHVEPL,0.4911,12.25
BIAKPL,0.4099,9.53
BIBIIL,0.384,9.22
BIHEPL2,0.3262,14.39
BIINDIA,0.3807,9.35
BIINPL96,0.4299,9.18
BINCD,0.3175,9.13
BINFSPL,0.4079,13.09
BJJRM,0.3728,85.53
BKBFPL,0.3735,9.32
BKDESPL,0.4686,14.22
BKHLTPL,0.4619,27.33
BKSC,0.5142,60.0
BKYA,0.4418,36.37
BLAUGPL,0.5702,17.08
BLCOGPL,0.4731,36.82
BLCPL,0.3543,9.95
BLDTBU,0.469,9.79
BLFBIL,0.2771,10.84
BLINTL,0.4103,37.44
BLJPN,0.496,86.88
BLJWRPL,0.6076,12.35
BLKSL,0.3583,29.18
BLOPLAS,0.5254,12.09
BLPVL,0.4701,60.0
BLRLGIL,0.3083,9.03
BLSISL,0.3802,60.0
BLTIF,0.4029,15.46
BMCOPL,0.0367,12.86
BMWETS,0.4372,12.07
BMWVEN,0.3258,13.07
BNHCPL,0.4196,11.52
BNSIPJL,0.3471,29.54
BNTIPL,0.4916,13.56
BOAGRPL,0.576,10.97
BOLARKS,0.5565,66.27
BOMBURM,0.4673,9.62
BOMDYEI,0.5098,14.04
BPABPPL,0.4626,14.45
BPBIPL,0.3365,12.42
BPIJPL,0.3342,12.92
BPITCL,0.4183,10.85
BPLATLD,0.4679,13.75
BPLMRL,0.4853,29.86
BRAUT,0.3832,41.55
BRCP,0.466,10.4
BRFI,0.3786,19.69
BRHBRPL,0.4816,35.37
BRITANN,0.4409,12.62
BROCHB,0.1087,15.77
BRTCDPL,0.3843,12.43
BRTV,0.447,14.17
BSDU,0.5015,60.0
BSOISL,0.3505,13.14
BSPHPL,0.3855,60.0
BSRSRPL,0.4784,39.06
BSSIPL,0.4867,35.98
BSTCPS,0.5184,14.37
BSVL,0.3787,8.48
BTACP,0.4624,13.49
BTCPL,0.381,18.11
BTWFPL,0.2221,19.03
BTXCIL,0.49,60.0
BVNINDS,0.4156,9.27
BWNHCA,0.4484,36.27
BWWMPL,0.3989,15.13
BZRT,0.3515,9.62
CAACPL,0.2945,9.76
CAFPVL,0.3759,30.69
CAFRPLS,0.429,9.8
CAGGPL,0.4678,10.06
CAHEALT,0.3576,14.53
CALTPL,0.3258,10.77
CAMPCO,0.4787,10.19
CANFACLTD,0.4117,10.21
CAPAPL,0.496,86.96
CAPRBL,0.3975,11.52
CARRPI,0.5232,23.32
CARUNIV,0.5363,11.77
CATEPI,0.2383,13.28
CATMPC,0.3863,21.45
CAVKPL,0.3275,13.75
CBILPL,0.4432,13.49
CBMVWPL,0.4359,37.31
CBSM,0.3644,14.42
CCABLE,0.4063,11.58
CCFIPL,0.3481,11.59
CDLMT,0.4855,24.53
CDVDC,0.5591,85.77
CEABPL,0.2657,12.68
CEBRPL,0.4807,35.04
CELFL,0.5785,29.9
CENTEXT,0.4349,18.82
CERIPL,0.9406,11.24
CEXCIPL,0.4654,60.0
CFAFPL,0.5503,23.42
CFSL,0.4207,15.08
CGHDH,0.5521,29.04
CGHEPL,0.4678,16.21
CGORPPL,0.3792,11.7
CGSCPL,0.5337,30.24
CGSIBI,0.5045,16.31
CHADHA,0.6237,23.4
CHANDENTL,0.4271,17.16
CHBYPL,0.4227,10.51
CHCTPL,0.4551,6.56
CHEAGR,0.4818,10.14
CHEANDP,0.6428,11.48
CHESPL,0.5414,30.72
CHHL,0.3031,10.87
CHIFOO,0.4239,12.32
CHJLYMT,0.4564,12.87
CHNCJL,0.451,17.56
CHOSEC,0.3569,13.42
CHPIPL,0.2806,10.03
CHPORL,0.4286,38.08
CHYTTS,0.5743,42.27
CIMEL,0.3435,14.38
CISBFSPL,0.4203,12.64
CJSTCL,0.4175,10.18
CLADMI,0.4286,10.19
CLAPDPL,0.407,40.19
CLBGHP,0.2754,12.19
CLBRVL,0.3105,18.07
CLGAII,0.3975,22.94
CLPTLD,0.399,8.24
CMALPL,0.3296,9.04
CMCRNP,0.455,12.97
CMEAPL,0.3989,10.22
CMFPJ,0.4274,13.41
CMGRTL,0.4557,12.96
CMIXPL,0.3699,9.72
CMJBRL,0.4576,86.96
CMLSIPL,0.3371,14.4
CMNSL,0.3783,10.83
CMPRPL,0.4235,13.73
CMRNKIPL,0.4991,11.92
CMRTAIPL,0.0669,9.35
CMSETPL,0.5349,9.17
CMSOPL,0.3553,8.87
CMYTIPL,0.5036,35.71
CNABPL93,0.2092,12.57
CNFMN,0.4906,60.0
CNSAEX,0.3931,13.48
CNSCC,0.4754,31.18
CNTHP,0.5171,9.95
COATES,0.5152,8.16
COGFPL,0.472,9.09
COIMIP,0.5256,9.63
CONCEPH,0.3924,14.24
COPOPL,0.3404,7.8
COREIM,0.332,12.7
CORFERT,0.3966,10.44
COSFILM,0.3759,11.14
COTEPL,0.5582,12.0
CPCLTD,0.3622,13.54
CPMFPPL,0.2354,11.62
CPSRPL,0.2816,16.58
CPVFAC,0.5837,9.8
CRAPL,0.2516,11.9
CRAUPI,0.4662,23.56
CRECHE,0.5694,34.73
CRECPI,0.5634,30.84
CREHEP,0.4023,12.8
CREHTP,0.2885,12.5
CREPRO,0.4538,32.93
CREWPL,0.4572,11.58
CRGCEL,0.3828,12.08
CRIDSP,0.3453,11.76
CRPL,0.422,11.22
CSCCPL,0.6306,28.73
CSCSIPL,0.4526,13.12
CSDCGE,0.2196,17.06
CSLCPPL,0.3283,10.58
CSLTD,0.345,37.89
CSMOEI,0.4829,11.98
CSRWL,0.073,16.96
CTNIFC,0.4534,11.42
CTNLPL,0.3469,38.93
CTPCPL,0.3227,15.8
CTPSDPL,0.2745,11.6
CTYTPPL,0.382,11.3
CUMIPL,0.208,11.67
CVMPL,0.5237,32.04
DAALPI,0.0721,24.25
DABUR,0.4166,11.07
DACIPL,0.4291,8.88
DAHCLD,0.4012,9.69
DAHIPL,0.5535,9.91
DAHNPL,0.466,60.0
DALAMIN,0.3498,11.32
DARCL,0.3314,11.4
DASAPI,0.5034,10.57
DASPPL,0.4303,11.68
DATL,0.3404,12.61
DAWFI,0.4708,12.38
DBASSKL,0.5293,35.27
DBCF,0.34,19.26
DBGC,0.4849,86.88
DBMRSPL,0.4873,60.0
DBPWR,0.4313,13.03
DCAJDC,0.5684,15.41
DCNOLI,0.3263,13.81
DDDEPL,0.4065,12.56
DDDHSL,0.3896,60.0
DDEUPL,0.3881,14.14
DDIPL,0.3387,12.58
DDPL,0.0624,10.59
DEAIPL,0.0656,7.27
DECOTC,0.4758,25.98
DEEFERT,0.5355,11.72
DEENIN,0.3843,17.6
DEGLPL,0.4079,14.61
DEGLRP,0.3892,12.64
DEHECF,0.4097,12.68
DEOPRP,0.4507,31.66
DESEPI,0.054,10.55
DESLIM,0.0361,21.36
DETECH,0.3883,22.8
DEVCRED,0.2688,15.04
DEVENG,0.3671,25.67
DEVFP,0.3728,9.92
DEWHOUS,0.4766,13.34
DEWILI,0.4692,11.61
DHBIRL,0.4213,10.12
DHBTPL,0.0797,16.67
DHITPV,0.4397,10.27
DHPRLL,0.4038,12.26
DHSOLI,0.4368,10.67
DHTTM,0.3067,10.19
DHWHPL,0.3791,22.09
DIABEV,0.4948,15.58
DIASCPL,0.3931,60.0
DIGNCPL,0.4338,9.62
DIOIPL,0.5003,17.41
DKCIPL,0.4621,10.93
DKIN,0.4696,31.69
DKMGSS,0.3937,12.6
DKRSPP,0.3365,10.89
DLFULTD,0.5669,11.08
DLSGLTD,0.5671,40.37
DLTPIL,0.4923,9.49
DLYFFIPL,0.4114,24.19
DMCNS,0.4914,25.85
DNCTFPL,0.3279,11.85
DNEGPL,0.3941,12.81
DOSEPL,0.5222,46.24
DOSY,0.3218,14.37
DPBANT,0.3209,37.99
DPCOPI,0.2741,8.75
DPL,0.5365,22.61
DPMPL,0.4603,44.75
DPUODY,0.4904,19.95
DRAGRA,0.2385,8.39
DREAMF,0.5542,16.75
DREAPL,0.3943,10.58
DRISL,0.4975,86.47
DRJSMPL,0.1169,11.49
DSCOPL,0.4788,18.97
DSL,0.4358,10.47
DSP-MLIML,0.5227,10.72
DSSPPL,0.4645,60.0
DTIPLI,0.1014,16.25
DUDAFD,0.5356,18.21
DUFAIL,0.4672,17.05
DUMLPV,0.3917,16.2
DVLAK,0.4401,11.66
DVSHR,0.3087,12.61
DYCICPL,0.4308,10.48
DYPIUP,0.4256,11.11
DYROPL,0.4596,61.75
EAAGPL,0.3759,24.22
EAAPL,0.335,26.45
EATUPL,0.3502,16.51
EBLEBL,0.4481,10.16
ECEQPL,0.3926,66.47
ECFIDP,0.2826,16.44
ECIL,0.4977,13.4
ECLFL,0.3466,14.6
ECOPE,0.3178,13.33
EDAARE,0.5015,12.0
EDACEL,0.371,33.6
EDFIL,0.4267,23.62
EDFIPR,0.5608,60.0
EDFR,0.5508,25.21
EDLATDL,0.499,11.65
EDLBKL,0.6347,17.57
EDSARCL,0.5149,14.31
EEVISE,0.5133,26.26
EFIRPL,0.3664,13.31
EGCNCO,0.3103,11.06
EGOMPL,0.2017,60.0
EHIRC,0.443,6.94
EICEPL,0.4061,10.42
EIDPARI,0.253,11.74
EIPHPL,0.3988,14.05
EIPLEI2,0.2717,35.88
EJAZTC,0.4002,28.26
EKSPVL,0.0613,27.51
ELINPLM,0.2704,10.89
ELSTPL,0.4924,18.16
EMAMPL,0.2643,16.78
EMAMRL,0.2765,60.0
EMTLIPL,0.591,21.7
ENDTPL,0.3744,9.34
ENECL,0.4098,60.0
ENTNETIN,0.5079,13.62
ENVNSCPL,0.6918,24.98
EOAGEA,0.3037,12.4
EPBADPL,0.2635,8.85
EPCAPI,0.3059,60.0
EPCGPL,0.1281,60.0
EPILTD,0.4785,33.9
EPPRLI,0.3737,13.24
EQSEPL,0.533,11.5
ERIPLM,0.397,12.21
ERLHC,0.4984,60.0
ESELMIN,0.3881,12.32
ESIPRP,0.3739,11.22
ESMSSPL,0.0395,13.58
ESPL,0.5125,11.04
ESRBT,0.3119,19.38
ESSGUJA,0.3074,11.06
ESTIMX,0.2846,21.65
ESWPAL,0.5291,10.32
ESWPPL,0.498,60.0
ESWS,0.4129,11.84
ETEEVER,0.5962,10.57
ETLPL,0.3312,39.58
ETNBPL,0.3604,13.11
EUEXPL,0.3596,16.66
EUOIPL,0.4109,10.6
EUPPPL,0.3081,11.82
EVEIND,0.4309,9.71
EVFLPL,0.3823,12.95
EVGPIL,0.4533,43.32
EVLOPL,0.4217,10.29
EVPRLI,0.3482,13.35
EXAUPL,0.4884,14.03
EXEPHA,0.451,9.45
EXINLL86,0.3907,21.73
EXITSL,0.3757,13.22
EXPIMPB,0.2877,10.33
EXPOVA,0.4584,86.37
FABPRI,0.4581,14.05
FAHCPL,0.4238,30.42
FAHOFL,0.5503,11.09
FARSDTL,0.4462,17.71
FAVCSPL,0.4328,25.72
FCMSPL,0.4147,60.0
FCPHLTD,0.4484,10.44
FDMF,0.389,18.86
FEAULI,0.5218,13.23
FEDERL,0.4302,14.56
FENNERL,0.2829,10.3
FFFL,0.559,12.77
FHC,0.426,10.0
FICCL,0.4168,11.0
FIHFCL,0.3347,10.73
FIMAPR,0.3734,17.13
FINCABL,0.3734,10.52
FKAGPL,0.4026,13.8
FLSYPL,0.3289,9.59
FLURHL,0.3871,19.26
FMEL,0.5328,10.42
FMPHLTD,0.3939,13.37
FNEML,0.4431,11.9
FOACPL,0.5113,41.12
FOPL,0.4179,9.3
FORML,0.4023,8.79
FRNKTR,0.4411,34.86
FRTHPL,0.424,8.82
FRWGPL,0.4912,13.1
FSGEPL,0.4671,60.0
FSMFP,0.3907,60.0
FSSL,0.3976,11.05
FTHPL,0.4647,8.33
FTLSL,0.4924,60.0
FTTTPL,0.4842,26.57
FUPOSY,0.382,10.76
FUSTLP,0.1603,27.8
FWWBIND,0.4551,16.41
GAGAIL,0.5061,85.77
GAGEPL,0.4054,6.16
GAIFPL,0.085,13.14
GAIRLD,0.268,10.95
GAKHPL22,0.4632,11.06
GAMHPL,0.5092,10.24
GASASI,0.4518,21.79
GASHRL,0.0663,10.27
GAWHPL,0.2633,60.0
GAWLTD,0.4063,10.42
GBBHPL,0.6046,9.69
GBHHP,0.4167,17.97
GBHPEL,0.3082,11.72
GBHPLI,0.0732,11.75
GBID,0.448,39.35
GBNHPL,0.3348,10.22
GCCPH,0.4536,8.45
GCKCPWL,0.4823,14.12
GCPOSPL,0.5514,11.53
GDAM,0.3039,10.34
GDLCO,0.4009,16.7
GDRES,0.3535,13.0
GDS10105,0.4063,9.4
GDS10147,0.1995,26.61
GDS10168,0.3342,14.7
GDS10255,0.5597,29.73
GDS10282,0.5152,16.73
GDS10319,0.3318,11.45
GDS10512,0.3915,37.23
GDS10607,0.4185,11.81
GDS10673,0.2135,13.2
GDS10853,0.4701,12.04
GDS10892,0.4543,14.31
GDS10947,0.2877,9.3
GDS10971,0.4704,40.14
GDS10972,0.4577,36.68
GDS1098,0.4934,44.54
GDS10982,0.0649,10.42
GDS11011,0.4229,16.68
GDS11165,0.5405,21.75
GDS11168,0.9028,21.75
GDS1129,0.4762,38.32
GDS11355,0.4495,16.73
GDS1155,0.4024,18.09
GDS11644,0.5467,17.96
GDS11655,0.4174,10.67
GDS1177,0.3841,19.85
GDS11987,0.0405,11.26
GDS12031,0.4417,36.99
GDS12428,0.5109,34.97
GDS12461,0.2771,11.6
GDS1247,0.3912,38.35
GDS12567,0.4964,11.45
GDS12572,0.3918,60.0
GDS12605,0.4144,10.13
GDS12672,0.2221,12.3
GDS12724,0.6182,20.38
GDS12749,0.369,10.61
GDS12925,0.5119,60.0
GDS13165,0.3839,17.37
GDS13217,0.3951,15.01
GDS1344,0.4952,25.14
GDS13475,0.3627,12.18
GDS13491,0.5896,20.66
GDS1368,0.2748,12.1
GDS1386,0.456,60.0
GDS13866,0.3465,11.99
GDS13888,0.445,11.71
GDS14033,0.3922,27.01
GDS1483,0.3977,86.12
GDS149,0.5879,13.4
GDS1564,0.5859,12.95
GDS160,0.6937,87.04
GDS16042,0.4542,13.88
GDS16289,0.4636,12.47
GDS1640,0.3253,9.9
GDS16471,0.514,13.07
GDS16487,0.3871,17.23
GDS16529,0.3834,12.46
GDS16577,0.4987,10.62
GDS16581,0.481,86.26
GDS16628,0.4334,11.74
GDS16712,0.5395,15.08
GDS16759,0.4959,41.36
GDS16802,0.0398,27.17
GDS16806,0.2847,14.34
GDS16887,0.4457,9.69
GDS16911,0.6581,12.63
GDS17296,0.3289,20.74
GDS1734,0.3199,11.18
GDS17393,0.4379,60.0
GDS17499,0.0412,21.59
GDS17607,0.5009,86.37
GDS17639,0.4709,50.07
GDS17662,0.4754,87.46
GDS17752,0.3339,10.46
GDS17779,0.4237,10.49
GDS17830,0.437,16.25
GDS17858,0.207,32.84
GDS17868,0.2942,42.67
GDS17888,0.4056,21.77
GDS17904,0.292,18.17
GDS17990,0.471,13.32
GDS18269,0.3245,9.81
GDS18395,0.3552,10.38
GDS1853,0.5644,14.12
GDS18620,0.449,8.88
GDS18674,0.3097,12.1
GDS18687,0.4129,15.43
GDS18705,0.2411,10.02
GDS1875,0.4651,9.83
GDS18790,0.6848,38.22
GDS18870,0.2657,34.65
GDS18892,0.5026,45.07
GDS18941,0.5,10.59
GDS19023,0.8091,24.96
GDS19027,0.2768,11.87
GDS19039,0.4207,10.64
GDS19280,0.502,18.78
GDS19295,0.5089,42.25
GDS19419,0.4702,22.11
GDS19421,0.4565,18.39
GDS19571,0.39,18.04
GDS19733,0.5101,60.0
GDS19976,0.4932,38.94
GDS1999,0.4251,60.0
GDS20034,0.2238,10.62
GDS20074,0.27,41.39
GDS20171,0.5942,87.11
GDS20271,0.3131,12.12
GDS20315,0.4338,13.34
GDS20422,0.3455,16.37
GDS20427,0.5098,60.0
GDS20468,0.217,24.83
GDS20690,0.4039,13.08
GDS20728,0.3674,7.87
GDS20828,0.4943,13.24
GDS20836,0.2633,16.35
GDS20838,0.4692,36.44
GDS20863,0.4199,17.41
GDS20947,0.3597,10.29
GDS21082,0.378,11.48
GDS2126,0.3746,10.1
GDS21541,0.3431,16.92
GDS21607,0.5712,33.19
GDS21746,0.469,38.43
GDS2192,0.4585,11.23
GDS2193,0.4395,60.0
GDS21930,0.4475,13.38
GDS21993,0.3495,11.77
GDS22092,0.3706,16.08
GDS22116,0.4607,5.91
GDS22134,0.4847,9.09
GDS22143,0.4886,34.48
GDS22157,0.3379,60.0
GDS22384,0.3459,33.43
GDS2246,0.4934,9.52
GDS22549,0.3923,10.83
GDS22573,0.5495,11.21
GDS22888,0.4546,11.34
GDS22949,0.3087,11.64
GDS22958,0.4891,13.06
GDS23055,0.5258,12.45
GDS23358,0.3939,60.0
GDS23384,0.4099,8.85
GDS23498,0.0412,12.09
GDS2353,0.2973,12.2
GDS23601,0.4005,35.94
GDS23747,0.4196,32.27
GDS24053,0.436,7.45
GDS2420,0.382,22.88
GDS2467,0.3463,10.37
GDS259,0.4518,13.55
GDS2628,0.3206,18.37
GDS2661,0.356,10.27
GDS2780,0.5595,10.02
GDS2784,0.4833,13.4
GDS2812,0.3865,13.58
GDS284,0.3155,11.74
GDS2897,0.4405,10.19
GDS2961,0.5954,17.24
GDS2989,0.5002,12.22
GDS3012,0.532,29.58
GDS3041,0.4852,11.01
GDS3108,0.6064,27.63
GDS32,0.3674,28.41
GDS3267,0.4969,17.02
GDS3294,0.4793,38.65
GDS3348,0.3177,14.46
GDS3479,0.3675,9.42
GDS3591,0.3474,60.0
GDS3609,0.3334,9.94
GDS3870,0.3946,10.14
GDS3874,0.7975,60.0
GDS3930,0.4827,25.25
GDS4012,0.4906,11.22
GDS4112,0.492,12.56
GDS4128,0.4852,38.15
GDS4141,0.3367,6.94
GDS4345,0.4498,16.52
GDS4382,0.5709,87.22
GDS4552,0.3691,20.94
GDS4651,0.3423,10.57
GDS4687,0.4024,10.81
GDS4728,0.2933,12.53
GDS4982,0.428,60.0
GDS5034,0.4085,10.57
GDS5125,0.4509,10.04
GDS5186,0.3988,19.9
GDS5225,0.3441,10.19
GDS5237,0.4053,13.01
GDS5252,0.4743,29.59
GDS5305,0.508,18.58
GDS5315,0.4851,11.28
GDS5317,0.2066,16.18
GDS5423,0.3657,16.6
GDS5437,0.5078,8.15
GDS544,0.3265,66.62
GDS5464,0.4213,60.0
GDS552,0.531,14.46
GDS6015,0.4784,13.61
GDS6217,0.3424,9.41
GDS6229,0.3828,12.48
GDS6281,0.4505,85.53
GDS6334,0.0829,9.46
GDS6353,0.3712,10.49
GDS6388,0.3942,60.0
GDS6450,0.4924,87.02
GDS6580,0.3311,11.62
GDS6603,0.4322,86.99
GDS6729,0.3738,11.03
GDS6801,0.506,11.88
GDS6902,0.2916,60.0
GDS6992,0.4441,9.12
GDS7017,0.4034,46.05
GDS704,0.3338,8.99
GDS7219,0.5295,11.27
GDS7285,0.0827,9.98
GDS7432,0.4467,10.25
GDS7745,0.4042,12.42
GDS7840,0.4678,45.48
GDS7955,0.5208,18.54
GDS7986,0.5188,12.56
GDS8003,0.5837,13.09
GDS805,0.4461,10.98
GDS8216,0.3873,11.56
GDS831,0.4125,12.92
GDS8390,0.4881,19.21
GDS8421,0.421,7.51
GDS8516,0.3294,11.04
GDS8536,0.4244,11.98
GDS8704,0.3914,15.14
GDS8794,0.3284,11.04
GDS8795,0.3795,12.24
GDS885,0.3611,10.21
GDS8925,0.3674,17.2
GDS9012,0.4242,10.85
GDS9097,0.2833,12.18
GDS9113,0.427,10.78
GDS9320,0.3483,10.48
GDS9436,0.4617,11.64
GDS945,0.3652,16.51
GDS9527,0.4481,10.55
GDS987,0.1049,22.52
GDS9904,0.4378,60.0
GEAPPI,0.3709,10.08
GEAPSL,0.4223,9.96
GEAPVI,0.3713,11.06
GEBIPL,0.3669,66.03
GEEREA,0.4353,16.7
GEKEPL,0.4766,8.94
GEMINDL,0.0509,11.41
GERVNR,0.4119,12.08
GFAMSP,0.3526,14.38
GFDP,0.3007,12.29
GGEPAIPL,0.3859,17.87
GGL,0.3798,11.08
GHACHEM,0.4035,13.97
GHIAL,0.3576,12.34
GHIEPL,0.458,43.07
GHPAPL,0.4629,9.51
GHRAMI,0.4882,60.0
GHSOLI,0.35,16.83
GIAMAP,0.4193,14.68
GICHOUS,0.4443,10.81
GICSEL,0.3298,7.84
GICWTL,0.406,10.91
GINDPL,0.3809,9.71
GINWE,0.3454,10.75
GIRPJL,0.3454,9.63
GISOPL,0.3437,7.58
GIUL,0.0601,13.31
GIWEGL,0.3924,7.21
GIWFAL,0.4417,7.75
GIWPGL,0.3415,7.86
GJNSXLD,0.5071,85.53
GKCPL,0.3961,15.88
GKNCIPL,0.4162,29.41
GKNSCNL,0.4174,17.71
GLCY,0.4706,24.35
GLDILL,0.4284,20.83
GLEPHAR,0.389,10.91
GLMOPL,0.3766,17.04
GLPEPL,0.4474,10.22
GLVEPL,0.4598,12.17
GLXSLTD,0.4077,10.21
GMEO,0.3371,12.37
GMEPL,0.3933,11.65
GMHYAL,0.4157,8.19
GMPTSPL,0.3574,12.74
GMSEBL,0.0389,12.67
GNIPPL,0.0631,13.08
GNRCPL,0.2741,17.29
GNSPML,0.0383,32.74
GNTID,0.4422,14.56
GOAGIL,0.4953,11.85
GOFILG,0.2188,10.92
GOFILL,0.3905,12.31
GOHOFL,0.3102,10.59
GOKOVE,0.4876,11.08
GOKPET,0.0563,13.26
GOMPRI,0.46,10.36
GOONERO,0.4742,10.58
GOSTL,0.3033,10.8
GOVRUBB,0.4681,87.27
GPACWP,0.0407,14.32
GPLSK,0.4266,9.83
GPMHPL,0.5071,9.52
GPRSSLD,0.5075,45.56
GPTENT,0.039,13.19
GPTH,0.4278,10.57
GRBDFP,0.3166,10.56
GRCAMC,0.4923,11.78
GRDILI,0.3145,9.81
GRDIPI,0.0402,18.1
GRDURJ,0.4809,40.94
GRFEPL,0.4746,16.0
GRFSPL,0.4506,11.59
GRGINF,0.5123,16.65
GRGN,0.3862,9.26
GRIPROL,0.3868,13.11
GRIWSL,0.3706,8.3
GRNUPL,0.3386,26.77
GRUAS,0.3417,27.48
GSERPL,0.3385,11.44
GSMGSBY,0.5933,25.16
GSNKR,0.4745,35.87
GTCLPL,0.1023,20.6
GTIPLD,0.4533,13.22
GTMTC,0.4557,13.15
GUFTPL,0.4457,10.68
GUGREL,0.4035,87.22
GUILTD,0.5141,12.79
GUISU,0.4764,86.55
GUJAMCE,0.4653,14.92
GUJGARLTD,0.4095,12.26
GUJPPL,0.4096,19.1
GUPAML,0.5076,31.59
GURJ,0.4819,40.67
GUTELI,0.0767,23.47
GUTIPR,0.191,22.82
GVKBPL,0.4599,11.34
GVPFS,0.1152,13.01
GVRHL,0.498,60.0
GVTRPL,0.3506,17.97
GVXPL,0.3515,23.64
GWKGHH,0.4017,9.77
GWRCS,0.4509,12.15
GWRTPL,0.4964,60.0
GWRVPL,0.4839,38.19
GYSIPL,0.4616,11.36
HAAIPL,0.4919,38.91
HAAULI,0.58,20.52
HAMC,0.0405,21.13
HANOVE,0.3104,17.66
HAPBC,0.2958,13.19
HAPPL,0.515,25.69
HASFPL,0.4011,10.12
HASMPL,0.4768,30.35
HATAGPL,0.4839,11.36
HAVERL,0.3586,23.63
HBCTP,0.3557,11.79
HCCS,0.3473,11.83
HCIRCPL,0.4122,15.53
HCNASPL,0.721,13.87
HDBFSLTD,0.4348,7.47
HDEGL,0.3554,11.61
HDPCO,0.6075,13.26
HDPSAL,0.4177,12.57
HDTITS,0.4321,13.07
HECB,0.5691,12.05
HECOLL,0.3208,26.44
HEHOFL,0.4784,10.34
HELSRI,0.0701,9.12
HEMMPL,0.4127,35.48
HENGTC,0.4297,13.56
HERHL,0.3667,13.44
HEROE,0.3836,11.11
HESOPR,0.4625,45.69
HEVLPL,0.4449,86.55
HEWEPL,0.3566,10.29
HFTRESPL,0.3305,11.63
HGICR,0.2534,12.3
HGRAVO,0.2641,10.82
HHFMPL,0.459,60.0
HIAPSL,0.8226,9.98
HIECCL,0.3525,12.36
HIFISP,0.3996,9.71
HIGEXI,0.5062,60.0
HIHEPI,0.5884,60.0
HIHIAS,0.3326,15.86
HIIMPL,0.3636,10.94
HIINRU,0.3482,12.95
HIMIL,0.4127,87.35
HIMSEID,0.5938,14.1
HINLEVE,0.3135,10.37
HINPETR,0.3825,10.76
HINPLTD,0.431,36.37
HINPPL,0.5487,10.79
HINRECT,0.2029,12.81
HINZINC,0.2167,10.72
HIPOLTD,0.5723,25.76
HIPPL,0.5566,12.78
HIREPL,0.3483,6.33
HIREPLTD,0.2274,9.99
HISPPL,0.3304,7.52
HITR,0.4651,11.11
HKRDL,0.3287,11.13
HLAPPL,0.3282,10.93
HLYFI,0.3509,10.94
HMCL,0.6033,86.69
HML,0.5032,60.0
HMRSPL,0.5991,85.21
HMTEPL,0.4516,15.36
HNBE,0.4432,13.91
HNEFPL,0.0401,12.74
HNEHPL,0.4046,9.95
HOFILL,0.3626,17.35
HOIL,0.45,10.96
HPFLTD,0.4181,11.18
HPGAPL,0.489,13.04
HPRARL,0.5132,15.14
HPYFGL,0.441,8.92
HRDVCL,0.3511,15.89
HRENERG,0.3775,14.07
HRETL,0.4959,12.52
HRIPL,0.4482,7.77
HRKBPL,0.5368,14.24
HRKSC,0.4782,33.0
HRMISL,0.4792,14.4
HRSCL,0.0706,11.15
HRSLEPL,0.3962,13.5
HRVAPL,0.3466,10.5
HRVOPL,0.2852,10.78
HSDPLTD,0.4771,36.37
HTAA,0.5961,24.62
HTECP,0.3837,60.0
HTEE,0.1783,16.5
HTGPPL,0.4516,60.0
HTIXL,0.4693,9.11
HTRTS,0.3436,11.24
HUGISCO,0.5446,12.04
HULCSPL,0.5015,27.98
HVLRTL,0.4346,14.19
HYFMPL,0.4864,23.99
HYSBLTD,0.4818,37.33
HYUMOTO,0.4365,12.64
IAMVPL,0.4129,23.85
IAURSL,0.0408,11.82
ICLCLI,0.4839,16.95
ICPL,0.4736,15.21
IDCSCO,0.4675,11.56
IDHFL,0.4117,24.01
IDIFHF,0.2181,12.25
IDLMPL,0.4701,13.74
IDMAAO,0.486,23.28
IDVL,0.2903,11.54
IFHOFL,0.45,13.37
IGAMPL,0.3496,24.22
IHLSPL,0.3744,13.77
IIBCPL,0.3875,84.21
IIFLCL,0.4647,12.93
IIHOLI,0.379,11.58
IIL,0.4686,8.12
IILPPL,0.0388,11.25
IJMCPL,0.4523,12.13
IKMISL,0.4016,13.49
ILFSETS,0.317,16.53
ILJEIL,0.375,9.89
ILPL,0.3693,11.36
IMCL,0.3856,37.86
IMFAL,0.453,60.0
IMHORCL,0.2399,10.7
INAGPL,0.5069,13.83
INALPL,0.2599,23.97
INBFPL,0.3542,11.81
INCPCL73,0.6488,60.0
INDBIC,0.4521,22.72
INDINFL,0.4983,16.07
INDOA,0.3429,11.56
INDOIL,0.5866,10.29
INFAFEC,0.3678,14.72
INFOENT,0.622,10.78
INGRTR,0.3642,10.75
INHFPL,0.183,10.58
INJAPL,0.4225,11.59
INLDPL,0.532,11.64
INLSCN,0.3675,26.7
INMOPI,0.4178,16.21
INMPLI,0.468,12.27
INOX,0.4215,12.48
INPLTD,0.348,14.98
INSELI,0.4084,23.9
INSPRI,0.5396,10.47
INTERL,0.3626,15.3
INVILI,0.4087,10.98
INXWD,0.4222,13.42
IOGAKC,0.5315,60.0
IOHOPL,0.5417,14.66
IOUTLI,0.0758,11.63
IOXWSL,0.2898,9.21
IPHLTD,0.4568,12.67
IPISPL,0.3242,10.88
IRBPVTBLD,0.3014,13.84
IRGEPL,0.2193,12.34
IRINTE,0.375,16.34
IRINTR,0.2939,12.39
ISASPL,0.3422,22.87
ISINPI,0.3945,60.0
ISPGAD,0.404,8.32
ISPPL,0.4142,15.77
ITCAGRO,0.5423,10.12
ITOF,0.2354,12.3
IVEIPL,0.3357,9.06
IVHIPL,0.3643,12.57
IVLINF,0.0378,24.81
IVTRVL,0.4829,30.11
IWDBSPL,0.5001,85.96
JACIPL,0.3305,11.67
JACOPL77,0.53,23.38
JACUPL,0.4038,12.5
JAGPPL,0.3201,12.51
JAGRPI,0.4069,12.53
JAIIRRI,0.4186,20.3
JAIPLD,0.4681,12.37
JAMMETA,0.485,11.62
JARRPL,0.4114,13.02
JASULI,0.4476,38.07
JAYCOR12,0.2148,23.0
JBCHEMI,0.579,14.42
JBECLJ,0.4679,36.66
JBETPL,0.3771,13.55
JBPUJI,0.2183,15.88
JBRGML,0.4959,39.96
JBSCPL,0.345,37.23
JCFPL,0.4701,17.1
JCIPLD,0.21,12.27
JCLJCL2,0.4483,62.65
JCPSPL,0.5119,37.05
JDFIPL,0.3406,8.85
JDLSLSB,0.3881,30.23
JDRM,0.3568,11.58
JEANCO,0.2747,16.83
JECOCO,0.5915,26.91
JEIPPL,0.3664,9.69
JELMSPL,0.2879,12.75
JETPOL,0.4698,9.52
JGCM,0.4474,8.2
JGKM,0.382,24.65
JGRTPL,0.3683,11.18
JHAPL,0.4149,18.59
JHNMPL,0.5713,12.65
JHWOM,0.5628,86.55
JIINRL,0.3854,13.69
JINDPIL,0.4534,9.0
JINDRIL,0.6778,10.28
JINPOLY,0.5887,16.21
JISKML,0.4926,26.35
JISUNI,0.4203,10.0
JJKKEC,0.4354,28.54
JKCORLT,0.3754,12.66
JKPLTD,0.4265,11.94
JKSINPL,0.4793,27.97
JKUULT,0.2931,60.0
JMAHPETPL,0.1724,12.54
JMALSPL,0.3119,17.71
JMAPPL,0.0379,10.13
JMDRCP,0.4493,24.37
JMSIPI,0.062,10.53
JNACPL,0.4041,17.46
JNKIDPL,0.3009,11.74
JNSIN,0.5532,26.94
JPENJP,0.4892,29.0
JPFIPL,0.5136,20.94
JPTL,0.3172,12.5
JRAPL,0.3189,86.88
JRBRI,0.4959,38.43
JRESPL,0.4799,60.0
JSCPLJ,0.4382,11.53
JSCPPL,0.3018,15.8
JSEMPL,0.3996,37.48
JSGRCS,0.4998,85.21
JSHNF,0.4936,86.37
JSWCM,0.4532,12.4
JSWSS,0.3542,12.05
JTCOPL,0.4762,12.62
JTIPL,0.3665,10.57
JTMTL,0.4714,20.21
JUAIPL,0.3899,23.62
JUCOPL,0.4395,11.98
JUGEPL,0.4135,9.5
JUSULI,0.7104,54.72
JWEPLJ,0.3154,18.88
JWIL,0.404,11.73
JYMBPL,0.0506,19.84
JYQUSU,0.5288,37.35
JYTSLIS,0.4233,23.05
KABEXTR,0.4183,12.01
KAESVS,0.3986,10.99
KAGBPL,0.4375,12.99
KAINIM,0.3456,12.37
KALCPL,0.4671,24.36
KALPOWE,0.3658,12.02
KALPPL,0.4843,18.51
KAPLLTD,0.3427,11.79
KAPOTF,0.4348,19.35
KARLFU,0.4072,22.91
KARPPL,0.5789,12.48
KASII,0.4712,16.17
KASMPI,0.3807,17.1
KASSL,0.4476,9.61
KATMOV,0.1376,12.09
KATOPI,0.2073,12.59
KBAGIK,0.4195,26.45
KBDCO,0.5031,39.76
KBIPVL,0.4973,11.72
KCNA,0.5204,19.69
KCPLITD,0.4194,10.85
KCRPT,0.4621,31.72
KCSTPL,0.4964,31.82
KCVIKC,0.4993,15.41
KCWEPL,0.1103,14.75
KCWSL,0.5126,85.21
KDETPL,0.59,13.95
KDISLC,0.4921,10.04
KDPIEPL,0.5522,11.26
KDPML,0.064,9.83
KEACPL,0.4629,6.93
KECHLI,0.7507,40.58
KEFIRL,0.5025,15.98
KEHRPL,0.631,34.07
KEICCL,0.498,39.09
KEOMPL,0.4346,60.0
KERCHEM,0.4109,8.71
KETTX,0.4959,9.56
KGITPL,0.2497,35.92
KGLD,0.5374,86.88
KGNELT,0.274,11.44
KHDILI,0.5486,18.57
KHELPL,0.4151,12.28
KHIITL,0.3642,10.1
KIANPP,0.3681,9.01
KIRBROT,0.179,11.55
KIRUFL,0.4044,10.98
KISWINDPVL,0.2665,12.05
KJBSMPL,0.4181,12.44
KJCGL,0.4546,11.31
KJLSPL,0.353,15.41
KJSCTL,0.5263,11.86
KJSRPL,0.3917,11.54
KKBP,0.7329,30.03
KKJW,0.4484,12.92
KKNCAL,0.0694,13.21
KKRIFSL,0.4529,11.83
KKVAPL,0.4106,35.31
KLDPIA,0.0861,18.1
KLGCC,0.2716,12.17
KLJRLTD,0.0597,13.8
KLNMGL,0.4686,38.5
KLPCPL,0.3804,12.93
KLPOPL,0.3035,60.0
KLTR,0.3997,14.51
KMCH,0.2948,11.3
KMCRE,0.446,11.8
KMEWPL,0.4365,18.89
KMMISPL,0.4635,15.61
KMOPL,0.4564,17.15
KMRIPL,0.0662,10.58
KMSPL,0.367,12.97
KNCVL,0.3051,16.79
KNDENGI,0.495,85.21
KNKNC,0.4484,85.96
KNKSMGT,0.3889,13.19
KNMALL,0.3591,10.4
KNMNS,0.4469,26.88
KNSYS,0.4945,86.37
KNTCSPL,0.3676,26.51
KNTG,0.3706,24.35
KOEPL,0.3047,21.9
KOINFL,0.3676,45.75
KOPRL,0.3991,22.72
KOTMAHP,0.4321,15.85
KPBIPI,0.3646,28.22
KPDL,0.4863,10.71
KPIAPL,0.0491,17.17
KPIVTP,0.4943,60.0
KRABPI,0.3161,10.45
KRAN,0.564,43.68
KRBSML,0.4585,11.37
KRCOGL,0.4486,11.92
KRGEPI,0.3951,10.88
KRGRPL33,0.4304,20.5
KRIMSL,0.2882,10.6
KRISBHA,0.5556,60.0
KRJEPL,0.0563,18.38
KRPEPR,0.4924,28.89
KRSF,0.3691,9.46
KRSNEIL,0.5478,15.84
KSBDCPL,0.5139,23.46
KSCML,0.925,22.83
KSCPL,0.5044,85.77
KSFIDP,0.438,10.56
KSIIPL,0.1907,87.22
KSMBMS,0.2994,12.53
KSOIDPL,0.466,8.7
KSUGR,0.6006,60.0
KTIPL,0.4943,60.0
KTKRD,0.6649,13.02
KTLLM,0.3984,38.11
KTPML,0.3389,15.03
KTXISPL,0.8072,39.01
KUCT,0.3972,15.47
KUMBSSK,0.2803,41.48
KUMCPL,0.4403,9.46
KUSAPL,0.3717,12.03
KVCHPL,0.1865,12.15
KVTMET,0.4091,39.25
KVYDMSLD,0.4056,87.04
KYBRI,0.484,26.95
KYJWPL,0.4852,11.17
LAAGPR,0.4366,13.33
LABOPAM,0.557,16.15
LACTOSE,0.3642,16.78
LAFARGE,0.4145,11.65
LALAN,0.2222,22.37
LALCC,0.4392,13.06
LAXCON,0.3984,10.51
LBST,0.4304,11.54
LCAGPL,0.5063,13.68
LETGRA,0.4847,24.72
LEZOGL,0.3061,37.65
LGCDRY,0.4873,24.14
LGELINL,0.6081,8.48
LGFTL,0.3897,10.49
LGMAC,0.3369,9.06
LGNIPL,0.334,13.05
LHPAMPL,0.2086,28.51
LICHOUS,0.5246,0.0
LIMEIN,0.3436,10.3
LIMIPL,0.3458,12.79
LINCOLN,0.4193,8.53
LINPEPL,0.3063,25.0
LIPDPL,0.3615,9.96
LIPOPL,0.2205,10.9
LIVPLL,0.4316,10.24
LKGKL,0.5156,60.0
LLFIPL,0.4949,37.72
LLOSTEE,0.4045,11.25
LMETL,0.4051,20.54
LMLSPLTD,0.3838,21.01
LMSRMLS,0.592,24.67
LMTHL,0.421,18.97
LNEMLPL,0.0576,22.24
LNSNML,0.5356,38.62
LOAMPL,0.4972,10.37
LOCVPL,0.4714,17.87
LOHSTAR,0.3358,9.95
LOIL,0.6441,13.86
LPCLT,0.5107,85.53
LSAFPL,0.3538,22.62
LSINDPL,0.1222,14.51
LTBTF,0.4785,38.79
LTFNCH,0.4367,15.02
LTMB,0.3386,11.46
LTPGCL,0.3816,12.42
LTSBSDS,0.4157,26.74
LTTG,0.3273,10.97
LUCAIND,0.4097,10.94
LUCATVS,0.3638,8.4
LUDSRM,0.4032,16.82
LVEDS,0.418,10.61
LXYEYPL,0.3551,11.04
LYRYPL,0.5103,39.11
MAASLI,0.5597,20.81
MAASMPL,0.4424,11.37
MABHPL,0.4148,9.8
MACAIN,0.5378,23.79
MACAML,0.3166,16.93
MADBPL27,0.3615,17.75
MADRORL,0.5888,60.0
MAECEN,0.4776,31.73
MAEDOC,0.5249,12.92
MAEDOM,0.5084,13.07
MAFCL,0.457,28.07
MAFOPM,0.4502,25.31
MAFSIPL,0.4131,10.14
MAGEPL,0.0618,10.93
MAGIPL,0.4019,35.43
MAGLEAS,0.3336,10.81
MAGWIPL,0.4358,29.59
MAHMAH,0.3336,14.03
MAHMPL,0.4904,45.26
MAHSPIN,0.4798,10.9
MAID,0.401,12.74
MAINPR,0.4532,20.96
MALDRGPHR,0.4792,9.31
MALTD,0.4771,12.26
MANENT95,0.4685,12.06
MANLEAF,0.5463,12.21
MANREFI,0.5175,13.45
MANUGRA,0.5635,60.0
MASCSL,0.4145,9.86
MASPFL,0.4023,12.82
MASUEL,0.3857,30.06
MATESH,0.4803,15.96
MATROR,0.3998,15.14
MATYPL,0.4122,10.96
MAUDYOG,0.3504,10.55
MAXMCL,0.4595,22.05
MBFSELTD,0.5146,12.24
MBLBF,0.5977,23.07
MBPMPL,0.2904,12.06
MCAPLD,0.4726,35.65
MCCPL,0.5429,11.26
MCCPTAICPL,0.4218,12.0
MCHEG,0.2721,9.63
MCHFCLD,0.3379,9.84
MCIBPL,0.57,12.14
MCNSE,0.3382,16.07
MCSIPL,0.3497,23.49
MCSPL,0.5113,19.31
MCYCRR,0.3297,11.67
MDIDCS,0.474,23.87
MDIHSPL,0.2812,10.52
MDLHPL,0.446,36.52
MDLPRL,0.0396,24.76
MDOCTC,0.481,24.62
MDPCLTD,0.632,18.0
MDPLTD,0.4953,25.67
MDTPGG,0.3739,18.0
MEBOPEL,0.4976,17.94
MECOCK,0.4656,28.57
MECPRL,0.615,13.72
MEEJEW,0.5642,25.66
MEHELT,0.3565,12.89
MEILTD,0.3597,10.63
MEIP,0.3951,12.87
MEIPPL,0.458,15.56
MEL,0.3963,10.76
MENCR,0.4014,17.59
MEPHDRH,0.4773,22.23
MEPHPR,0.2808,11.67
METIL,0.4365,87.36
MFCE,0.0653,12.37
MFPPL,0.2854,11.61
MFSVPL,0.2188,13.63
MGAIPL,0.4256,12.4
MGGSPL,0.3771,87.25
MGJPL,0.4824,86.62
MGMQC,0.4802,45.24
MGMTCL,0.4247,19.26
MGNMC,0.5034,23.37
MGPRPL,0.2754,11.66
MGRJINL,0.4722,16.14
MHBULL,0.32,14.85
MHEEPL,0.3288,10.86
MHLKS,0.4882,21.67
MHLMAL,0.4631,27.01
MHMAOT,0.5441,23.74
MHMDE,0.4393,34.61
MHNTCL,0.3096,23.31
MHPVPL,0.0774,10.52
MHRL,0.3439,14.15
MHTBL,0.1919,13.04
MHTR,0.1921,13.01
MHWB,0.4626,46.38
MIAEGPL,0.3893,11.57
MIDELI27,0.4598,25.29
MIEDPL24,0.4586,23.75
MILPPL,0.0501,10.82
MILTRU,0.3964,11.5
MIOTH,0.5765,25.06
MIPTBPL,0.0395,10.83
MISDHNIGLTD,0.2959,11.02
MIVIPL70,0.2097,21.18
MJSDB,0.4787,41.38
MJSELTD,0.4219,9.95
MKABPL,0.3912,30.18
MKAGFL,0.4693,16.99
MKBDDS,0.5502,21.91
MKCP,0.4927,22.82
MKRLSL,0.4187,20.4
MKTAPL,0.079,9.87
MKTEPL,0.3906,23.4
MLABL,0.5148,10.62
MLLTD,0.5114,16.31
MLMSCS,0.3782,11.5
MLRIPL,0.4088,11.25
MLSBCL,0.2973,12.05
MMDFPL,0.4477,13.32
MMISP,0.5462,12.15
MMMYPL,0.4564,23.26
MNHSPT,0.4345,17.95
MNMOPL,0.3723,24.08
MNTCPL,0.3501,10.54
MNUHEF,0.3616,10.1
MNYP,0.4475,13.34
MOFOPL0,0.5963,23.38
MOMIPL,0.3473,12.42
MOSWIL,0.344,9.54
MOWDPL,0.4046,16.2
MPENTPL,0.3846,11.35
MPJLSCO,0.0373,11.99
MPKHT,0.4456,15.11
MPMAPL,0.4531,12.39
MQUI,0.5177,21.23
MRCEPL,0.4653,27.11
MRCLBL,0.7744,17.13
MREML,0.4355,20.3
MRENCM,0.4312,11.44
MRHFL,0.4876,9.5
MRKHC,0.487,20.83
MRRUPL,0.3958,12.13
MRTPG,0.4784,20.52
MRTSP,0.4843,23.07
MSBSLTD,0.5316,12.07
MSCL,0.6235,13.62
MSDPJL,0.364,38.63
MSECF,0.3616,14.48
MSEHPL,0.3983,32.21
MSEZL,0.3634,13.78
MSFAPL,0.4942,20.53
MSFL,0.4933,12.36
MSIPLTD,0.4338,28.37
MSJPL,0.7725,12.14
MSLAPL,0.4469,26.72
MSNSSL,0.2134,12.24
MSPS,0.1712,25.89
MSRCOM,0.4914,27.82
MSSPAD,0.5464,23.48
MSTRC,0.4408,11.36
MTBCN,0.3398,12.37
MTDCSPL,0.4923,12.83
MTETBSL,0.465,12.16
MTHFCL,0.3794,11.53
MTIL,0.4001,23.58
MTLAT,0.3857,9.8
MTRCL,0.5124,11.33
MTWHL,0.5061,9.11
MUFILT,0.4301,11.99
MUHOIL,0.397,9.64
MUINPL93,0.4228,16.24
MUKAND,0.407,15.59
MUMILI,0.2511,14.77
MUMOPL,0.4279,11.26
MUNFORG,0.4554,86.37
MUNSHOW,0.4922,10.69
MUSEPL,0.5853,20.78
MUSTPL,0.3277,30.44
MUTCAPI,0.5016,11.85
MUTSPL,0.4575,11.29
MYFHRS,0.4497,60.0
MYHIPL,0.3129,11.56
MYRIDPL,0.4702,41.55
NABAPL,0.3199,12.26
NABARDE,0.437,11.1
NACHKP,0.4862,20.5
NACSPE,0.5209,9.55
NADBEL,0.2759,27.99
NAHSPIN,0.4327,11.05
NAINPI,0.4222,29.62
NAIRIP,0.076,22.52
NARMC,0.498,60.0
NARSI,0.3631,10.82
NASOEL,0.0393,22.96
NATBCCL,0.4052,11.11
NATSTCLCL,0.4477,16.11
NBAPLT,0.4072,13.06
NCCUIL,0.4762,27.05
NDDDPP,0.4157,12.7
NDRINK,0.527,11.63
NEETHL,0.3691,11.37
NEHTCP,0.3993,12.5
NELC,0.3474,11.9
NENEPL,0.2566,8.33
NESMLM,0.4079,9.27
NEWHPL,0.4237,26.29
NEXMAR,0.4481,44.29
NEYLIGN,0.3325,10.91
NEZIPL,0.4807,12.73
NFANPL,0.4667,26.93
NFPIL,0.5415,60.0
NGALANGDHR,0.4979,60.0
NHHFAD,0.3779,17.23
NHL,0.5124,33.88
NHOBANK,0.4698,14.08
NHRSRL,0.3699,12.93
NIAAPL,0.8537,15.92
NICSTPL,0.4063,37.62
NIIPL,0.3126,12.79
NIITTL,0.3701,11.13
NIKCON,0.491,12.61
NILINF,0.4972,36.71
NILNE,0.3937,42.49
NIRBGSEC,0.3188,13.13
NIRLON,0.3422,10.38
NIRMA,0.4203,12.25
NISEPL,0.4333,10.94
NJCAPL,0.3522,9.21
NKPIL,0.4587,68.09
NKPRIPL,0.3835,30.59
NKSEPL,0.4687,13.14
NKTPSL,0.4631,26.64
NMDSG,0.4952,12.46
NMFNPL,0.2593,12.8
NMIAPL,0.3741,12.63
NMSP,0.3011,20.71
NMSTLI,0.4808,16.07
NMTM,0.4018,23.46
NNIP,0.498,7.96
NOCIL,0.626,10.11
NOFEPL,0.5014,24.56
NOGRPL,0.3691,13.47
NOMLSL,0.3566,17.49
NOTPPL,0.4528,9.18
NRACO,0.5371,18.44
NROLGS,0.3437,13.8
NRPSPL,0.4915,60.0
NSACTL,0.4702,10.54
NSFL,0.4133,11.36
NSLRNPL,0.4934,19.42
NSLWPCL,0.5227,18.04
NSNS,0.3103,22.1
NSPPLD,0.3613,60.0
NSPRPL,0.5386,15.29
NTHMSPL,0.4563,84.21
NTKFIL,0.4843,22.58
NTNVI,0.2585,13.98
NTPCLTD,0.4338,10.55
NTTCH,0.4867,15.55
NUBGEL,0.3496,13.28
NUMREFNLD,0.328,10.49
NUPOCOR,0.4706,11.97
NVDCCO,0.4839,23.35
NVJM,0.4325,35.31
NWKRTC,0.5654,41.36
NWPCKPL,0.5098,19.35
NWPCSP,0.3954,19.4
NXTTRU,0.4495,12.45
OAPRLI,0.4568,13.09
OCLISLTD,0.3857,11.27
OCTIPL,0.3354,28.86
OEHTPL,0.4668,86.96
OIINLTJ,0.4367,10.29
OLIIL,0.4397,11.75
OMAHT,0.3871,10.7
OMSREP,0.4678,21.92
OMYPPL,0.3311,14.41
ONBRPL,0.4584,10.56
OORJITA,0.4955,23.37
OPAPPI,0.3764,12.63
OPERTP,0.445,13.49
OPGCPL,0.4621,26.35
ORASPL,0.4859,10.04
ORATPL,0.418,35.41
ORCENL,0.4794,60.0
ORIINF,0.4316,14.32
ORMELL,0.3134,34.4
ORMIPI,0.4547,9.33
ORPPAL,0.3206,9.98
ORPRLI,0.3799,8.46
OSILTD,0.4676,13.68
OSLAML,0.3479,35.69
OSRPSPL,0.5529,21.81
OSTPPL,0.0707,16.91
OTPOW,0.4801,11.44
OWPPLTD,0.4123,14.66
OXFSPL,0.3423,11.97
OYEXPL,0.4934,15.09
PAALL,0.5105,60.0
PABPPL,0.4717,60.0
PAHTPL,0.2789,8.63
PANEPL,0.377,12.39
PANSYN,0.4425,37.8
PAPODL,0.3938,12.03
PAPSLE,0.3107,9.14
PARAEN,0.4039,85.77
PARCOMN,0.4542,26.69
PARELL,0.5753,24.2
PARICP,0.3303,38.28
PATFPL,0.5257,21.63
PATNPL,0.4099,30.87
PAUSLTD,0.502,9.94
PAVHPL,0.5102,65.81
PCFASI,0.4345,19.6
PCIOPL,0.4402,13.88
PCITLTD,0.3166,34.47
PCPITL,0.4718,85.21
PCPLPC5,0.4226,11.99
PCPRSL,0.3153,12.04
PCTEX,0.3339,8.15
PCTSVS,0.545,13.18
PDINPI,0.4694,23.71
PDMGPL,0.3397,12.31
PDMTCPL,0.0777,13.53
PDSIFTR,0.5455,12.75
PEERMPL,0.41,10.58
PEGEFII,0.4114,11.35
PELOCPL,0.2284,9.76
PEPRPL,0.5431,27.14
PERCC,0.2779,36.93
PESMPL,0.9366,12.73
PFEDM,0.3144,13.06
PFIPAL,0.515,11.57
PGEPPL,0.2733,9.64
PGTCPP,0.3781,10.16
PGVPL,0.3545,10.86
PHACPL,0.3728,23.72
PHCLPL,0.1841,16.23
PHICARB,0.5154,10.73
PHLB,0.0584,16.53
PHLELI,0.3151,16.79
PHLIIL,0.3843,10.28
PHMOPL,0.3834,29.61
PHOOTPL,0.2858,15.64
PHSPPL,0.4378,18.14
PICLIPL,0.4126,9.46
PIFEPA,0.0602,11.25
PINC,0.5067,14.6
PJMGPL,0.4559,25.66
PJOVLI,0.5218,24.53
PJPTL,0.4861,60.0
PLEA,0.4965,10.58
PLIDPL,0.2056,13.28
PLPOPL,0.3471,17.36
PLRAJCONTLD,0.3662,15.72
PLRPPLTD,0.4803,13.65
PLSMCY,0.4898,38.01
PMEAPL,0.3934,12.05
PMGJW,0.3268,10.69
PMIFRL,0.5391,15.44
PMRCMPL,0.4126,11.31
PMSSPL,0.4923,10.9
PMTXM,0.4597,8.22
PNAESL,0.2848,11.22
PNBGILT,0.4436,15.88
PNCLSL,0.433,8.13
PNGJPL,0.2039,12.25
PNHTAD,0.367,10.92
PNITL,0.5009,60.0
PNLRSPL,0.4571,12.29
PNPPM,0.4225,14.46
PNPPX,0.0639,21.55
PNRNF,0.359,8.36
PNSI,0.4862,60.0
PNTSPL,0.4841,11.47
POCHPL,0.4958,16.97
POGRCOL,0.3664,10.26
POLRI,0.4013,37.92
PORFMPL,0.4697,12.98
POSEPL,0.3133,12.33
POSPPL,0.2879,7.25
POWELIM,0.4273,11.42
POWILI,0.3952,11.19
PPCSPL,0.3364,18.35
PPFPL,0.4962,10.51
PPKC,0.4684,23.27
PPPCL,0.5113,10.48
PPPLTD,0.4525,7.79
PPRGML,0.3961,12.67
PRAFOO,0.457,34.67
PRCC,0.0675,38.39
PRCUSL,0.3211,13.46
PREBPL,0.4192,12.76
PRFCPL,0.3258,11.13
PRFMEL,0.2803,15.43
PRGPGCL,0.4516,11.92
PRHEPL,0.5008,35.02
PRIMPLLT,0.2406,22.72
PRIMPR,0.6018,25.98
PRISPL,0.5342,16.8
PRJTIP,0.1874,12.79
PRKH,0.4142,12.3
PRKISPL,0.362,11.29
PRMILTD,0.3246,8.15
PRMPT,0.6315,86.26
PRMSMU,0.048,12.26
PRPPL,0.3199,9.42
PRPTLCO,0.478,28.58
PRPUPL,0.2545,9.21
PRRERL,0.2453,23.0
PRRIIM,0.49,13.02
PRTEPL37,0.4037,15.18
PRVPML,0.457,24.36
PSAAPL,0.4854,40.73
PSIPL,0.3836,18.17
PSPPLD,0.4452,60.0
PSSC,0.4359,10.98
PSSI,0.6349,15.19
PSSPLP2,0.5011,19.08
PSWMPL,0.4802,9.42
PTBOK,0.3855,15.98
PTCIFSL,0.4112,27.82
PTDPPT,0.3099,8.75
PTKIN,0.4751,43.41
PTLESKRB,0.4777,10.33
PTVN,0.1949,16.54
PUFLPL,0.5104,33.37
PVHTPV,0.6438,24.61
PVPOPL,0.2116,13.25
PVRPL,0.4919,38.65
PWPCPL,0.3873,19.28
PWRGL,0.4209,13.5
PYDUDL,0.4111,29.32
PZSSLP,0.3177,13.13
QCIL,0.3182,13.1
QTNCPL,0.4618,13.91
QUAIT,0.4839,60.0
QUBIPL,0.5973,28.46
QURPL,0.4994,16.78
RAAAEPL,0.4835,31.25
RABPTL,0.4266,10.82
RACCPL,0.3829,11.32
RACHAN,0.4478,12.15
RACOCI,0.3386,14.0
RADMPL,0.4812,21.64
RADNE,0.3134,13.88
RAEIDPL,0.2769,13.19
RAICPV,0.563,11.52
RAIIPL,0.5009,10.68
RAINPL13,0.421,10.15
RAINPM,0.0497,9.29
RAIPVL,0.3327,26.22
RAJMILL,0.4396,13.26
RAJSPL,0.3878,39.53
RAJSUGA,0.4738,30.32
RAKLIM,0.473,26.57
RAKUCH,0.4514,25.82
RAKUCO,0.3271,11.91
RALAME,0.4786,40.26
RALLIS,0.2749,9.76
RALSLTD,0.3698,16.61
RAMADL,0.4789,31.35
RAMFORG,0.4668,11.08
RAMIPL,0.3275,12.26
RAMNSGHOS,0.7138,60.0
RAMPULP,0.3004,12.76
RAMSURG,0.2711,14.65
RANEPL,0.4669,10.09
RANIS,0.4724,86.37
RANMADR,0.2761,10.57
RARAP,0.394,9.76
RASOPI,0.3986,12.02
RATYLI,0.4494,16.96
RAVEMO,0.4773,24.84
RBAFNL,0.4511,21.26
RBPKGPL,0.461,14.94
RBWOPL,0.3134,8.24
RCCIPL,0.2214,36.42
RCDSPL53,0.1327,60.0
RCGSPL,0.1353,60.0
RCINEEP,0.4109,13.6
RCISPL,0.1292,60.0
RCKDR,0.4844,23.29
RCLCIPL,0.4839,21.74
RCNSPL,0.1235,60.0
RCOSPL51,0.1109,60.0
RCPLTD,0.4897,9.13
RCSSPL43,0.1162,60.0
RCTSPL63,0.1296,60.0
RCVSPL,0.1309,60.0
RDCFRP,0.0403,24.59
RDMS,0.4417,13.28
RDRPL,0.5682,86.99
REDIMI,0.4086,11.1
REELML,0.4835,60.0
RELCHEINL,0.5664,37.74
RELIANC,0.319,8.96
RELPPL,0.2126,16.39
REMINDU,0.278,60.0
REMITL,0.4123,26.87
RENPPI,0.4477,60.0
RENPPL,0.4827,60.0
REREFL,0.4019,11.33
REREPL,0.4377,10.6
REREVL,0.2897,14.12
RESCSPL,0.6835,85.53
RESOPR,0.4949,60.0
RESULI,0.0839,7.89
RETIPL,0.5281,60.0
REWAPL,0.3311,12.21
REWSOL,0.467,60.0
RFBSPL,0.2479,11.89
RFIBSS,0.3178,9.85
RFSSPL,0.3786,10.26
RGHAGCL,0.3781,60.0
RGWSPL,0.3208,14.35
RHUV,0.3083,11.43
RIAEPL,0.4653,35.16
RICAUTO,0.3638,11.38
RIDELI,0.4087,21.25
RINRAL,0.444,30.37
RIPLR20,0.3919,35.59
RITRLL,0.6592,62.48
RJIPLR,0.4718,14.02
RJMAWS,0.4185,10.98
RJNDC,0.4541,10.45
RJPS,0.4514,12.25
RJPWS,0.3261,12.17
RJSLQRS,0.4671,10.09
RJTABL,0.2506,10.38
RJVSPL,0.4584,28.66
RKCAIP,0.2407,13.75
RKDGS,0.4122,16.52
RKEGSL,0.3481,12.1
RKIEPL,0.3287,14.54
RKMPG,0.5962,20.64
RKMTSPL,0.3699,39.29
RKSFRL,0.4494,60.0
RKSSPL,0.471,60.0
RKSTP,0.4864,16.0
RKSTPL,0.4992,85.96
RKSY,0.4934,40.99
RL,0.3316,10.83
RLCHPL,0.3703,86.74
RLECCSL,0.4779,12.7
RLPLTD,0.282,13.59
RMAEPL,0.3514,17.85
RMJMPL,0.6697,24.31
RML,0.536,10.12
RMLWPL,0.4844,36.58
RMUYPI,0.5294,12.38
RMVHPL,0.2702,12.93
RMVPPL,0.0382,12.17
RNBRPL,0.479,32.23
RNDB,0.0699,12.19
RNFAPL,0.4859,9.15
RNFI,0.2365,34.59
RNHSPL2,0.1357,60.0
RNKJPL,0.6278,17.39
RNKRSPL,0.4529,60.0
ROCENG,0.6694,24.95
ROHDPL,0.4226,10.38
ROHSPL,0.6392,11.55
ROIL,0.2882,11.86
ROOAL,0.4483,9.94
ROSTP,0.4895,38.14
RPIPIL,0.5056,12.8
RPLRPL,0.4028,11.53
RPMMPL,0.3967,10.43
RPPCPL,0.413,12.52
RQINL,0.4512,48.84
RRERAPL,0.574,26.08
RRL,0.3518,12.24
RSFOPD,0.4784,24.21
RSFORS,0.3667,12.82
RSFPIL,0.3383,29.66
RSGBL,0.4614,23.66
RSGRHPL,0.4437,9.49
RSMSFL,0.0667,13.4
RSNHPL,0.4133,60.0
RSORPL,0.0399,24.2
RSPPL,0.2105,14.18
RSUGLTD,0.0461,13.88
RTAT,0.5372,12.59
RTDSML,0.564,10.91
RTNARPL,0.64,21.02
RTSEXP,0.3819,36.13
RUCI,0.4984,60.0
RUGAEL,0.4346,13.17
RUNAYA,0.4504,12.45
RUSOLI,0.3699,12.28
RVGPPL,0.4265,12.6
RVISPL,0.3771,23.29
RVRLTPL,0.3452,12.52
RXIFL,0.4432,16.82
RYALDM,0.5343,18.13
SAAGCL,0.4705,11.74
SABEML,0.2839,24.27
SABEWS,0.0642,15.56
SACIPL,0.5869,11.64
SADECH,0.0601,11.11
SAENPL,0.5256,42.14
SAEPEL,0.4934,16.33
SAESPL13,0.4021,13.02
SAFIPI,0.0413,18.01
SAFIRM,0.3528,24.16
SAFNPL,0.5973,15.36
SAFNSE,0.5297,9.71
SAFTPL,0.2666,15.02
SAHSPPL,0.7773,25.06
SAICPL,0.3858,10.62
SAISERV,0.4383,10.67
SAISIPP,0.0816,27.38
SAITPL,0.3247,16.72
SAKCON,0.4613,15.42
SAKRIL,0.3455,20.05
SALAS,0.4256,9.64
SALSGN,0.4772,60.0
SAMALI,0.2355,7.97
SAMILI,0.2224,36.38
SAMNSAI,0.3492,9.9
SAMONO,0.2825,36.12
SAMPIST,0.3838,11.03
SAMYN,0.3124,12.3
SANDLA,0.4124,7.6
SANTMH,0.444,21.08
SAPAAT,0.4874,35.74
SAPOPI,0.4425,21.62
SARSPL,0.4934,22.85
SARWSPL,0.5041,86.47
SASAJWL,0.5264,73.33
SASIASM,0.3317,12.43
SASIPL57,0.3298,9.86
SASKSM,0.1971,11.9
SASOML,0.388,11.03
SASPLD,0.442,19.74
SASPPRL,0.4274,13.97
SASRCL,0.3239,24.23
SATCON,0.5206,34.58
SAUDIL,0.5171,86.55
SAVC,0.6577,39.0
SBBIPI,0.2918,17.63
SBEOPL,0.462,12.32
SBETPL,0.4784,10.95
SBICSL,0.4305,12.54
SBICSPL,0.4016,10.93
SBISRL,0.6633,11.4
SBLJCO,0.4959,10.67
SBNDPL,0.4986,25.36
SC,0.5978,15.03
SCAEPI,0.8298,13.67
SCAGPL,0.599,11.13
SCCI,0.4955,86.96
SCCMPL,0.5095,12.35
SCDTBL,0.3786,18.32
SCEIPL,0.3806,14.32
SCFMIPL,0.3083,9.16
SCIPLTD,0.3598,10.81
SCMGPL,0.3857,10.38
SCPL,0.4405,36.35
SCRECC,0.4561,39.65
SCSIPL,0.322,20.48
SCSPEL,0.5132,16.12
SCSTPLTD,0.3919,86.99
SCTSPL,0.178,11.2
SCYIPL,0.4935,11.37
SDCMPU,0.3768,20.03
SDCT,0.3662,38.91
SDDL,0.4022,9.18
SDERPL,0.5785,60.0
SDHF,0.4611,10.43
SDLAT,0.4082,12.37
SDMAIP,0.4815,31.83
SDMASL,0.2562,9.81
SDMFL,0.4236,60.0
SDPLD,0.4565,25.76
SDRIPL,0.5354,12.36
SDSTX,0.4677,12.27
SDTCWPL,0.4202,23.81
SDTHPS,0.5379,35.95
SDVAS,0.6468,13.21
SDWPIL,0.4501,15.65
SDYCCY,0.6044,12.95
SDYCPL,0.4864,33.9
SEBIPI,0.1307,17.19
SECIPAL,0.4622,16.94
SEGLCL,0.4342,12.27
SEHMPL,0.5,12.41
SEINII,0.465,16.22
SEINPI,0.4311,13.45
SEISPGL,0.498,7.04
SEITCPL,0.4403,13.21
SEL,0.0842,13.58
SELENG,0.3271,14.0
SELVPL,0.4627,6.93
SEPATL,0.6393,8.63
SEPPLD,0.4451,19.21
SERHSC,0.4402,23.19
SERMSTCL,0.3405,8.75
SESGOA,0.4003,20.19
SESIRI,0.6359,7.5
SESPPI,0.4737,7.33
SESTLI,0.7278,10.03
SEWLHL,0.6765,87.11
SEXPT,0.1488,20.02
SFAAL,0.4248,10.04
SFGHCPL,0.4458,11.59
SFINUP,0.413,11.64
SFISPL,0.9253,15.18
SFNDG,0.6167,36.02
SFSPTL,0.4473,40.0
SGCIPI,0.3877,23.55
SGDT,0.4841,42.03
SGEARI,0.4239,37.2
SGIHPL,0.077,13.0
SGITPA,0.3372,32.82
SGJES,0.6456,35.0
SGNCCPL,0.506,41.2
SGNT,0.4515,7.96
SGRI,0.5262,33.84
SGYGIPL,0.5276,14.26
SGYSKID,0.2108,15.6
SHAILS,0.3386,10.78
SHASEAF,0.2096,14.2
SHBACB,0.0476,24.01
SHBASE,0.5404,33.36
SHBULT44,0.3721,11.56
SHCCPL,0.4549,13.45
SHCJWL,0.4784,11.85
SHDIRO,0.3302,16.8
SHENLS,0.0472,11.06
SHGAPL,0.448,19.74
SHIDL,0.3855,13.11
SHIHPL,0.3952,43.64
SHINSL,0.4878,14.99
SHJEER,0.0613,10.97
SHKBPL,0.4984,14.19
SHKEKU,0.2355,16.53
SHNCSPL,0.4001,21.51
SHNIRO,0.0407,23.46
SHPASL,0.4966,32.84
SHPEAS,0.3652,11.68
SHPMPLD,0.3054,11.58
SHRCEME,0.3981,9.45
SHRDIGV,0.3717,10.02
SHREPR,0.392,11.96
SHRI,0.7078,60.0
SHRPRPL,0.4214,10.22
SHRTOW,0.4872,60.0
SHRTRAN,0.4015,18.94
SHSCCO,0.2005,12.78
SHSKS,0.328,23.79
SHSL,0.3985,10.91
SHSOSAK,0.3488,20.31
SHSPG,0.4669,14.3
SHSSKL,0.4764,36.67
SHSTL,0.4517,37.77
SHSTPI,0.0409,12.44
SHSURI,0.3201,31.6
SHSVCPL,0.4953,26.12
SHTCS,0.5352,17.9
SHVCPL,0.396,86.92
SHVEPL,0.3732,10.24
SICCPI,0.3759,21.73
SICRPL,0.3347,18.33
SIDBILT,0.3582,10.42
SIDEIL,0.4353,17.15
SIGNPL,0.4895,60.0
SIHEPI,0.4849,35.41
SIINSL,0.3421,11.46
SIMCAST,0.2388,23.23
SIMERO,0.0609,13.66
SIMMALT,0.4909,14.96
SINDPL,0.2918,14.12
SINFRAP,0.5041,29.81
SINHOTPL,0.4905,60.0
SIPLSI,0.3411,11.31
SIPVTLTD,0.5026,10.95
SIRPPL,0.7298,18.53
SISCSPL,0.384,8.48
SISECP,0.4892,39.3
SISIL,0.3626,12.4
SISUML,0.5082,86.37
SITSL,0.4326,12.91
SIUDPL,0.3305,15.96
SJBFDL,0.3333,60.0
SJCTL,0.0759,11.16
SJPGBCT,0.0616,13.18
SJSPPL,0.337,10.95
SJTMPL,0.0659,18.06
SJYCI,0.3758,13.46
SKAERL,0.3623,16.55
SKAFL,0.5303,13.31
SKBADP,0.5931,84.21
SKBAF,0.5718,29.08
SKECN,0.5218,14.53
SKICBL,0.4733,10.03
SKIFTX,0.3557,14.76
SKINDLTD,0.5926,20.49
SKIPL,0.3861,10.25
SKKFA,0.6017,87.02
SKLFPL,0.3937,10.92
SKPPLE,0.4161,10.75
SKREML,0.5565,13.36
SKRIMSL,0.4705,17.15
SKSCSPL,0.0395,19.83
SKSMIP,0.4574,32.71
SKSNBL,0.5258,85.21
SKSNMLD,0.4108,11.5
SKTEIP,0.3424,28.98
SKTSMPL,0.476,11.69
SKYH,0.4639,9.71
SLAPL,0.25,11.66
SLEIPL,0.4223,10.88
SLGBPL,0.4144,13.65
SLJSXL,0.4896,43.66
SLMIIPPL,0.4908,37.42
SLPEPL,0.4759,41.07
SLSMLTD,0.3899,40.15
SLSMRL,0.5049,35.39
SLSPL,0.0584,17.62
SLTAPPL,0.0591,13.03
SMACPD,0.2901,14.68
SMATENGPL,0.4271,12.11
SMBFPPL,0.5049,85.53
SMCAPL,0.2708,12.96
SMEBSR,0.4422,13.31
SMFPPVL,0.4922,60.0
SMFSL,0.674,16.58
SMHIPL,0.4863,35.26
SMIDBPL,0.2685,11.23
SMISLTD,0.4999,86.55
SMKTSSKL,0.482,39.3
SMPRRL,0.3915,67.02
SMSMPSS,0.4939,37.73
SMSSPL20,0.4108,10.06
SMSWLTD,0.5121,85.21
SMTIPL,0.5537,9.27
SMTLTD,0.4319,12.06
SNAIL,0.286,17.12
SNBGL,0.447,10.95
SNGRES,0.3856,24.19
SNIISC,0.3708,11.32
SNNGLR,0.519,84.8
SNOSLTD,0.4536,36.31
SNRCM,0.4658,38.98
SNRME,0.0745,11.65
SNROIPL,0.4719,11.53
SNSEPL,0.2878,13.91
SNSPL,0.4039,14.96
SNSSK,0.3239,28.56
SNSTGL,0.2671,12.8
SNTCIL,0.3228,12.27
SNTEGPL,0.479,13.06
SNTGD,0.453,27.33
SNTI,0.0807,11.57
SNTPL,0.393,10.07
SNYE,0.3662,11.5
SOADFP,0.597,12.14
SOBL,0.3458,11.72
SOCTSL,0.3808,13.0
SOENPI,0.3977,9.07
SOINIM,0.3316,14.77
SOINRM,0.5109,23.17
SOLEXE,0.5248,13.05
SONAPO,0.3459,11.14
SOPIPRL,0.4379,12.08
SOPLSP,0.0598,10.74
SOSTLI,0.4576,14.22
SOTRLI,0.3719,14.23
SOVPRL,0.2751,40.16
SPACDPL,0.8441,30.94
SPACTP,0.3418,13.93
SPAFG,0.3743,11.96
SPARSH,0.394,11.49
SPCNCG,0.4677,11.92
SPCNEP,0.4462,12.47
SPEHPL,0.3742,12.66
SPELIL,0.3264,12.32
SPESPL,0.3679,8.89
SPFIPI,0.3703,14.24
SPILTD,0.6331,60.0
SPIOHE,0.4344,32.36
SPLIPL,0.3331,12.19
SPLTIPL,0.0387,10.63
SPMBPL,0.2898,13.0
SPMCIL,0.45,12.87
SPRTC,0.3779,12.95
SPSSPL,0.342,10.19
SPSSRML,0.3743,18.16
SPUHPL,0.3397,10.02
SQPFPL,0.4145,24.13
SRAKAPL,0.5067,37.51
SRBPVL,0.4988,10.45
SRDMAL,0.2133,10.35
SRDS,0.6466,12.19
SRGBFX,0.413,11.02
SRGMEL,0.3974,14.65
SRHIPL,0.4648,36.7
SRIADHI,0.5328,86.12
SRIANN,0.168,10.67
SRIENL,0.3539,13.42
SRIFEE,0.34,22.99
SRIFPL,0.3131,13.27
SRIPLTD,0.4058,27.86
SRJRCN,0.3948,30.75
SRJSL,0.458,11.94
SRKAML,0.5015,26.62
SRKATE28,0.329,26.0
SRKDSPL,0.3517,12.73
SRLFPL,0.4918,27.22
SRLIFPL,0.1695,11.25
SRLSPL,0.5326,60.0
SRMHFL,0.4015,11.07
SRMIAM,0.4892,38.52
SRPEPRL,0.4267,11.06
SRPKPL,0.5315,60.0
SRPVLD,0.4332,19.83
SRREPL,0.4553,36.26
SRRPL,0.4621,39.7
SRSCCO,0.8706,10.42
SRTEIX,0.2657,10.92
SRVBL,0.4315,16.91
SRVCPL57,0.449,15.75
SRVISHL,0.2609,25.52
SSABFL,0.473,10.58
SSAMPAL,0.2879,13.58
SSANTG,0.5425,16.22
SSAPAL,0.4973,10.19
SSBUSS,0.46,22.93
SSDMRL,0.4171,20.56
SSEVEL,0.5148,24.33
SSFLTD,0.4161,18.22
SSGIL,0.4435,10.95
SSHPRL,0.4962,22.37
SSIGESPL,0.3637,14.06
SSIPTL,0.3695,13.99
SSLEL,0.4364,73.82
SSNAIP,0.3281,12.31
SSNIESIPL,0.4089,86.26
SSNTCPL,0.5215,12.75
SSPCIPL,0.6935,18.74
SSPLSPL,0.4068,13.13
SSPLSS8,0.9182,7.36
SSPPLI,0.4325,60.0
SSPPVTL,0.4394,13.62
SSPSPAL,0.3879,11.63
SSPTPV,0.406,13.84
SSRBR,0.4947,38.21
SSRRRA,0.465,42.16
SSSFPL,0.4178,22.15
SSSHLI,0.4827,10.69
SSSSKAR,0.5442,86.37
SSSSSM,0.4458,13.7
SSSTCP,0.4193,17.88
SSTNKIL,0.4891,31.93
SSVIPL,0.3379,21.38
SSVT,0.4987,15.36
SSWSE,0.2835,13.2
SSYFSPL,0.3837,11.24
STAGL,0.4909,13.16
STAIL,0.384,10.35
STAPTL,0.2672,25.38
STCECPL,0.4323,12.6
STCRIL,0.5185,11.46
STDPVL,0.406,24.32
STELC,0.3628,14.52
STENP,0.4177,13.89
STFILI,0.4404,20.0
STGSPL,0.2916,20.66
STGTTL,0.3078,14.22
STKI,0.4184,10.54
STMSPL6,0.5622,23.02
STMWPL,0.2807,11.31
STOVPL,0.3856,13.8
STPISPL,0.3924,13.76
STPLS12,0.1855,12.84
STROPTECL,0.6048,15.11
STSUPP,0.5189,35.52
STUET,0.3835,37.93
STXPSLD,0.2994,12.86
STYATS,0.4176,12.47
SUBPTL,0.3762,20.59
SUBUIN,0.4244,13.24
SUCLDL,0.3549,14.51
SUFAPL,0.5865,13.12
SUFIPR,0.4463,20.84
SUHOLI,0.5198,36.19
SUINPL39,0.4112,23.98
SUISRL,0.4832,26.11
SUKUAL,0.5237,36.92
SUKUAR,0.4917,28.31
SUMITAP,0.0393,11.99
SUMSRL,0.4529,27.07
SUMTSPL,0.4981,86.99
SUNDFIN,0.4268,11.01
SUNIRON,0.394,11.01
SUNMUTF,0.4497,14.05
SUNRN,0.4013,11.06
SUNWIPL,0.3921,10.12
SUPL,0.2023,13.49
SUPPAR,0.468,16.44
SUPREME,0.6021,9.87
SUPRL,0.4337,6.75
SUREL,0.5177,86.96
SURIIU,0.4828,20.11
SUSFSP,0.4205,13.3
SUSILTD,0.348,13.83
SUSTELT,0.5667,13.28
SUSTPL66,0.2247,13.12
SUTIPL,0.4154,10.72
SUTRPL,0.3665,9.72
SUVITI,0.4911,60.0
SVDPLTD,0.4213,10.15
SVDSL,0.4992,86.26
SVHFPL,0.6141,19.66
SVJMT,0.764,85.53
SVKAVSPL,0.4816,85.96
SVKEC,0.2132,15.84
SVMAZL,0.399,21.14
SVMOPL,0.4665,11.61
SVMPPL,0.5906,86.62
SVNIS,0.4216,10.53
SVNSHPL,0.4864,86.62
SVPLD,0.0728,12.86
SVTXHP,0.4533,19.75
SVXCMPS,0.4184,12.07
SWENPL,0.4847,14.34
SWKNBL,0.4704,86.8
SWLETP,0.4445,12.01
SWNS,0.3623,9.9
SWPEPL,0.2446,13.22
SWPNPL,0.3902,15.61
SWRI,0.4234,9.65
SWTKC,0.3915,85.96
SWTKCI,0.5005,86.26
SYCXIPL,0.1599,14.07
SYGIPL,0.4619,16.74
SYGSSNS,0.3908,11.4
SYGTML,0.5527,12.9
SYJWPL,0.4896,60.0
SYLIPI,0.5363,17.91
SYLLTD,0.5071,60.0
SYPHLI,0.5235,10.69
SYPL,0.4014,10.47
TADKFLT,0.4094,12.14
TADSTL,0.3953,11.59
TAMPVL,0.4939,60.0
TAMVPL,0.4888,27.13
TATIFP,0.5407,9.99
TATIL,0.535,11.44
TATINTL,0.4386,12.01
TATYZACPL,0.3952,17.21
TBACPL,0.6503,24.6
TBDIPL,0.4536,35.4
TBEGL,0.4245,18.69
TBESPL,0.332,14.17
TCGUIHL,0.4181,14.96
TCHFL,0.4402,14.71
TCPLMTD,0.5073,40.29
TCPLP,0.4611,9.81
TCSGSPL,0.2964,13.05
TCTEL,0.4885,14.85
TCTTRL,0.4897,24.44
TEALTE,0.3651,10.63
TECCOMP,0.3585,11.12
TECSL,0.4872,86.74
TEGIND,0.4763,19.34
TEJKB,0.5065,86.92
TELCO,0.4621,15.06
TENEPL,0.3149,38.35
TGKTM,0.5046,23.12
TGSPEL,0.4624,23.5
THANMUN,0.4788,10.22
THBEIN,0.3477,16.98
THBSPL,0.2911,9.12
THERMAX,0.4263,10.85
THFIPL,0.2833,12.19
THFOPL,0.493,60.0
THNPCT,0.8734,13.03
THOCOOK,0.2131,10.18
THPS,0.3571,13.18
THSMPL,0.526,10.38
THVC,0.4983,25.05
TIBEL,0.3785,8.28
TICPPV,0.5022,37.5
TILPLM,0.6259,18.26
TIMIL,0.4446,17.65
TINAIN,0.3922,13.98
TIPLT27,0.489,60.0
TJML,0.5261,86.62
TKMML,0.5924,10.55
TKSACSPL,0.375,12.4
TKTRIND,0.4953,47.19
TLSDPL,0.4687,16.95
TLSDY,0.3637,9.88
TLTEG,0.3471,14.63
TMCOVL,0.4168,12.66
TMLPCIL,0.3328,11.85
TMPPCL,0.4022,12.85
TNDGS,0.4578,23.62
TNEST,0.4197,13.49
TNINLPL,0.4298,11.65
TNSSKN,0.3912,32.77
TNTMCL,0.4625,24.8
TOESLT,0.45,11.47
TOGAPL,0.3675,11.95
TOINTR,0.5691,10.33
TPCODL,0.3868,12.14
TPHWPL,0.4853,10.85
TPLPSL,0.3471,8.04
TPNODL,0.2888,10.89
TPREL,0.3588,10.7
TPSALI,0.3762,14.47
TPSOLI,0.3415,14.08
TPTFSPL,0.4477,12.49
TPVASL,0.3498,13.27
TPVCPL,0.4643,23.88
TPVNATL,0.4193,9.75
TRAINDU,0.4693,11.6
TRALRL,0.2712,16.75
TRANSILOX,0.3228,9.45
TRCLSLD,0.2392,15.99
TRCMPL,0.4519,15.09
TRGRPL,0.4605,12.87
TRHF,0.5449,84.21
TRICL,0.3875,11.48
TRLILI,0.2139,12.43
TRMGPL,0.4438,10.33
TRMOPL27,0.4964,12.87
TRNTFRTPL,0.3453,19.44
TROCPL94,0.45,12.69
TRRPGL,0.363,11.34
TRSOPL55,0.4577,12.54
TRUEXI,0.493,32.13
TRUIOE,0.3585,12.9
TRVYLI,0.3682,8.84
TSCON,0.5438,19.13
TSOAFT,0.6322,10.39
TSTTI,0.3335,13.05
TTIPL,0.2773,10.94
TTKPRES,0.4025,8.25
TTPRL,0.546,13.24
TTTPL,0.4188,86.37
TURBIPL,0.2714,11.86
TURTPL,0.436,11.8
TVNH,0.4412,38.34
TYTFSIL,0.4712,10.03
TYZIXPL,0.3912,21.3
UBCTNPL,0.6232,19.35
UBTCSIPL,0.0394,10.9
UCHTDP,0.4945,60.0
UCIOMS,0.4263,18.43
UCONI,0.3835,13.71
UCSTL,0.1358,13.17
UDAIPL,0.5865,21.14
UDJGCT,0.0428,11.17
UDPBL,0.41,12.7
UDPOSL,0.0398,15.76
UDSVKR,0.3446,17.02
UEPTPL,0.3944,20.08
UFYT,0.4656,37.75
UHDINDLTD,0.3319,12.3
UICU,0.4132,15.36
UJATSPL,0.4284,12.21
UJLP,0.4959,60.0
UJPOPL,0.4504,6.36
ULDEPL,0.2885,12.62
UNAGCI,0.4863,16.59
UNCMIL,0.3985,16.12
UNFIAL,0.4339,13.35
UNGIPL,0.4371,11.8
UNIHOTELD,0.4917,12.87
UNMMPL,0.4737,60.0
UNOMPL,0.6498,30.49
UNPEFL,0.5017,10.3
UNPTIL,0.3239,11.85
UNQDFPL,0.5942,12.29
UNTIPL40,0.3926,24.13
UNUHIL,0.8791,16.66
UPLD,0.5269,60.0
UPSPL,0.4229,26.24
UQANSP,0.4778,30.13
USCPL,0.3878,22.73
USUSVLT,0.3788,9.23
UTCL,0.4607,13.1
UTSULI,0.4709,86.26
UTTEPI,0.3884,10.88
UVCRUV,0.482,36.18
VACPPL,0.3409,8.3
VAHFPL,0.3487,17.39
VAICIP,0.6163,18.62
VAPPLI,0.1174,12.23
VARIND,0.4051,60.0
VASENGG,0.3214,12.61
VASFOU,0.5371,26.4
VAYCL,0.3465,10.04
VBVGMS,0.647,12.69
VCDCHW,0.4948,8.11
VCFDPL,0.514,11.82
VDBPPLTD,0.4536,38.05
VDCMPUL,0.2519,9.81
VDEWPL,0.4098,22.97
VDHBPL,0.4375,11.56
VDKJ,0.4884,13.26
VDSMLTD,0.4074,9.68
VDYW,0.3952,13.21
VEATPL,0.5239,15.7
VEGEIEP,0.0677,10.79
VEGRLP,0.4771,31.8
VEGRSL,0.3014,7.3
VEGSUL,0.2906,7.42
VENPPL,0.4528,23.27
VEXPPL,0.4428,24.02
VFCPL,0.5242,39.29
VFFSTA,0.4507,12.39
VGACPL,0.3701,9.3
VHDAUO,0.5182,10.93
VHTCSPL,0.2071,20.55
VIBPTL,0.5105,16.55
VICAUT,0.4477,60.0
VICPEL,0.407,10.67
VIEIPL,0.5013,16.11
VIGDPL,0.5195,60.0
VIIFPL,0.2082,12.67
VIJAUT,0.3396,19.95
VINEYC,0.404,24.65
VINOPL,0.3913,29.31
VINSKL,0.3501,33.39
VINSPL,0.5162,13.99
VIPPEL,0.3551,27.83
VIRSYI,0.3838,11.52
VISEL,0.204,16.91
VISPPI,0.3616,24.01
VITDPI,0.3376,13.63
VITPL,0.2625,10.92
VIVPH,0.672,38.11
VJIDPL,0.527,12.83
VKMIPL,0.0397,16.41
VMNOSPL,0.3405,9.73
VMRFJRM,0.5323,85.21
VMRGTPL,0.3503,10.98
VNCSTDTS,0.0391,12.58
VODOPL,0.4417,11.07
VPDCLTD,0.2595,21.44
VPJF,0.0666,12.83
VPKMPL,0.5762,10.88
VPSCPL,0.4003,13.05
VRCCIPL,0.2283,11.77
VREML,0.3301,20.5
VRETPL,0.8164,63.15
VRJPI,0.3747,47.08
VRSPIPL,0.9221,17.61
VRTEPL,0.4423,28.1
VSCNC,0.497,84.8
VSCWL,0.6424,22.84
VSLAIPPPL,0.4516,22.29
VSNDPL,0.326,13.24
VSNDSHM,0.3377,9.96
VSNRPL,0.5478,34.56
VSSKLTD,0.3849,86.37
VSTHC,0.3587,11.55
VSTIPL,0.3127,21.81
VTCFPV,0.3465,15.65
VTDY,0.9304,9.93
VTML,0.3684,10.92
VVCNST,0.3655,13.8
VVFIDLD,0.4635,19.47
VVVSEOL,0.4183,11.44
VWDXPL,0.2948,9.6
VWILTD,0.5293,25.71
VWMSAE,0.2279,11.3
VWPL,0.1681,17.15
VYBHSPL,0.4957,85.77
WAIIPL,0.4842,65.94
WALTPL,0.3339,12.9
WAONPL,0.451,39.87
WAWIPL,0.3544,10.18
WBES,0.3102,12.11
WDLP,0.4349,11.81
WDSSLTD,0.4352,35.26
WEAPPL,0.3233,10.35
WEEJPL,0.351,60.0
WGDISPL,0.5099,30.75
WGSR,0.245,11.09
WHPRLI,0.4385,16.91
WICCPL,0.278,11.33
WILTD,0.3384,10.68
WLCMF,0.4856,39.02
WLPTP,0.1817,8.75
WMNHPJS,0.4528,13.58
WNEN,0.5391,25.66
WOFIPL,0.4014,12.72
WOREPL,0.7898,9.58
WSFPPL,0.289,8.92
WTIL,0.4034,11.42
WTNC,0.2296,10.64
WVDSBL,0.4512,38.46
WVID,0.4587,39.03
WVMSPL,0.4862,10.93
YABTPL,0.5839,12.62
YAPIPL,0.3944,9.41
YATEPL,0.3718,12.09
YEATPL,0.1433,9.79
YEMASE,0.3281,11.18
YEPRLI,0.4185,13.93
YOTSPL,0.4094,12.28
YSOI,0.2519,11.41
ZAIPL,0.397,39.29
ZCLC,0.4771,37.72
ZELEPL,0.2647,12.58
ZEOIDP,0.4091,9.77
ZLAQ,0.3654,25.67
ZLTI,0.4269,30.98
ZODCLOT,0.5317,23.01
ZOESAP,0.4337,38.7
ZOINPL52,0.3912,17.05
