Bank Name,Advances 2023,Advances 2024,Advances 2025,Business Per Employee 2023,Business Per Employee 2024,Business Per Employee 2025,Capital Adequacy Ratio (Basel-III) 2023,Capital Adequacy Ratio (Basel-III) 2024,Capital Adequacy Ratio (Basel-III) 2025,Credit Deposit Ratio 2023,Credit Deposit Ratio 2024,Credit Deposit Ratio 2025,Deposits 2023,Deposits 2024,Deposits 2025,Gross NPA 2023,Gross NPA 2024,Gross NPA 2025,Interest Expended 2023,Interest Expended 2024,Interest Expended 2025,Interest Income 2023,Interest Income 2024,Interest Income 2025,Investment Deposit Ratio 2023,Investment Deposit Ratio 2024,Investment Deposit Ratio 2025,Investments 2023,Investments 2024,Investments 2025,Net NPA 2023,Net NPA 2024,Net NPA 2025,Net NPA as % to Net Advances 2023,Net NPA as % to Net Advances 2024,Net NPA as % to Net Advances 2025,Net Profit 2023,Net Profit 2024,Net Profit 2025,Operating Expenses 2023,Operating Expenses 2024,Operating Expenses 2025,Operating Expenses as % to Total Expenses 2023,Operating Expenses as % to Total Expenses 2024,Operating Expenses as % to Total Expenses 2025,Operating Profit 2023,Operating Profit 2024,Operating Profit 2025,Other Income 2023,Other Income 2024,Other Income 2025,Profit Per Employee 2023,Profit Per Employee 2024,Profit Per Employee 2025,Provision Coverage Ratio (%) 2023,Provision Coverage Ratio (%) 2024,Provision Coverage Ratio (%) 2025,Provisions & Contingencies 2023,Provisions & Contingencies 2024,Provisions & Contingencies 2025,Return on Assets (%) 2023,Return on Assets (%) 2024,Return on Assets (%) 2025,Spread as % of Total Assets 2023,Spread as % of Total Assets 2024,Spread as % of Total Assets 2025,Total Assets 2023,Total Assets 2024,Total Assets 2025,Total Expenditure 2023,Total Expenditure 2024,Total Expenditure 2025,Total Income 2023,Total Income 2024,Total Income 2025
AB Bank Limited,,,,2.92,3.0545,3.0458,,,,41.04658197217181,30.796038316736034,29.58040610438607,,,,,,,,,,8.7,14.9429,23.5,45.12250453720508,33.524706349707934,53.32746610891751,,,,,,,0.0,0.0,0.0,9.000000000000002,15.2227,21.355500000000003,,,,,,,18.92,26.7468,34.8402,27.28,28.4586,33.1,31.0,63.43,73.68,,,,9.92,11.5241,13.4847,,,,3.1254847215759267,3.2709498678924898,4.873237478567487,,,,,,,35.980000000000004,43.4015,56.6
AB Bank Ltd.,54.28,68.22,73.3726,,,,70.55,96.32,87.97,,,,132.24,221.522,248.0446,0.0,0.0,0.0,0.64,0.6689,0.3645,,,,,,,59.67,74.2646,132.2759,0.0,0.0,0.0,,,,,,,16.42,15.9858,21.3953,96.2485345838218,95.98371630830937,98.32489269202841,,,,,,,,,,,,,,,,2.71,4.64,5.1,,,,257.88,436.387,474.746,17.060000000000002,16.6547,21.7598,,,
Airtel Payments Bank Ltd.,,,,1.34,1.86,2.01,49.1,38.31,37.95,,,,1678.95,2630.54,3418.06,,,,31.94,43.91,61.84,96.13,165.11,252.71,97.16012984305667,99.74225824355456,96.3701631919861,1631.27,2623.76,3293.99,,,,0.0,0.0,0.0,21.64,34.51,62.6,1231.26,1744.81,2604.23,97.47150094996833,97.54517196654591,97.68084739278186,27.89,47.08,42.57,1194.95,1670.69,2455.92,1.72,2.44,3.68,,,,6.25,12.57,-20.03,0.87,0.99,1.2,2.1209668092980225,2.5800408719346053,2.5411791646474278,3026.45,4697.6,7511.08,1263.2,1788.72,2666.06,1291.08,1835.8,2708.63
American Express Banking Corporation,3970.78,4718.723,6194.7637,4.83,5.86,7.09,32.34,23.48,17.2,123.53790344158149,114.62937968722974,120.10950643385927,3214.22,4116.504,5157.5965,288.12,261.8794,295.2784,130.44,208.743,298.777,602.65,665.833,752.9684,127.43091636540125,111.98597159142807,90.36348229257564,4095.91,4609.907,4660.5838,41.4,38.13,37.81,1.0426163121603311,0.81,0.61,70.78999999999985,66.22699999999978,13.39269999999992,1617.19,1909.365,2232.6205,92.53617756618964,90.1448368071883,88.1971519684285,114.40999999999985,89.32699999999977,138.63979999999992,1259.39,1541.602,1917.0689,4.81,4.76,0.93,,,,43.62,23.1,125.2471,0.77,0.65,0.12,4.794165901836404,4.294554924519126,3.7095756611030852,9849.68,10643.4778,12243.7562,1747.63,2118.108,2531.3975,1862.04,2207.435,2670.0373
Au Small Finance Bank Ltd.,58421.54,73162.6547,107092.48,3.68,4.65,4.02,23.59,20.06,20.06,84.22338127634704,83.91933772784621,86.17827166875864,69364.99,87182.1164,124268.54,981.31,1237.4004,2477.0299,3780.12,5397.6293,8052.1494,8205.41,10554.7131,16063.73,28.936787852200364,31.12262746124388,30.45623614794219,20072.0,27133.3653,37847.52,245.1588,400.9897,791.34,0.4196376884279326,0.55,0.7389314357086512,1427.2099999999991,1534.719,2105.9231000000013,3440.0,4388.0022,5957.22,47.644637485249554,44.84127774482413,42.52311313883978,2018.749999999999,2466.2216000000008,4580.670600000001,1034.46,1697.14,2526.31,5.0,5.33,4.39,,,,591.54,931.5,2474.7475,1.79,1.54,1.53,4.90521038869887,4.712864727913355,5.075578438655922,90216.11,109425.6699,157845.6662,7220.12,9785.6315,14009.3694,9238.869999999999,12251.8531,18590.04
Australia & New Zealand Banking Group Ltd. (ANZ),3169.66,3877.756,4323.6731,122.84,145.768,150.5147,20.11,20.43,17.91,52.28469015936169,48.69335319899359,53.885276352665066,6062.31,7963.6249,8023.8488,0.0,0.0,0.0,278.43,774.169,1376.6365,652.2,1243.197,1879.9122,124.96259676591926,222.98545226558826,284.17402631016677,7575.62,17757.725,22801.6942,0.0,0.0,0.0,0.0,0.0,0.0,128.66000000000008,148.55399999999997,279.4006,141.07,145.725,196.3093,33.62812872467223,15.841499129247499,12.480360098866726,200.55000000000007,250.36599999999999,483.15700000000015,-32.15,-72.937,176.1906,171.55,183.4,340.73,,,,71.89,101.812,203.7564,0.77,0.66,0.87,2.080022170876017,1.6787506831821053,1.3330124237247256,17969.52,27939.11,37754.7644,419.5,919.894,1572.9458,620.0500000000001,1170.26,2056.1028
Axis Bank Ltd.,845302.84,965068.38,1040811.32,20.0,20.19,20.88,17.64,16.63,17.07,89.26628817310349,90.30797319201722,88.73434737765318,946945.21,1068641.39,1172952.02,18604.23,15127.12,14490.11,42218.02,59474.15,68329.22,85163.77,109368.63,122677.04,30.499634714874375,31.023246254760924,33.773060043837084,288814.83,331527.25,396141.79,3558.92,3247.47,3685.45,0.39,0.31,0.33,9579.68,24861.43,26373.48,27040.86,35213.28,37499.95,39.04316673905209,37.188970067093386,35.43441756181211,32048.309999999998,37123.16,42104.93,16143.42,22441.96,25257.06,10.94,25.29,25.45,,94.07,75.0,22468.629999999997,12261.73,15731.45,0.8,1.83,1.74,3.2600711837718657,3.377619112155182,3.3757880187924703,1317325.53,1477208.6,1609929.88,69258.88,94687.43,105829.17,101307.19,131810.59,147934.1
BNP Paribas,11597.88,12923.024,14354.7225,83.12,91.86,118.75,15.83,17.0,16.62,61.33504256689649,66.65379978562305,57.90484109198645,18909.06,19388.278,24790.1941,0.0,0.0,0.0,1416.11,1784.249,2419.7118,2607.61,3087.212,4037.7316,150.55645283266327,156.24178691887954,184.67935755291242,28468.81,30292.592,45782.3712,0.0,0.0,0.0,0.0,0.0,0.0,473.39000000000067,593.0519999999997,635.2569000000003,633.5,652.526,768.906,30.908319143641965,26.77826225236224,24.114084792476536,881.4900000000007,1072.1929999999998,1064.4048000000003,323.49,421.756,215.291,133.73,169.0,194.0,,,,408.1,479.141,429.1479,0.95,1.18,1.01,1.9332489615784012,2.21387180510834,1.8789573181673558,61632.0,58854.4918,86112.6426,2049.6099999999997,2436.775,3188.6178,2931.1000000000004,3508.968,4253.0226
Bandhan Bank,104756.769,121136.783,131987.3177,3.02,3.19,3.35,19.76,14.69,18.71,96.93894370122193,89.59690013415484,87.28598401114976,108064.69,135201.98,151212.499,5298.62,4784.88,6435.56,6645.08,8550.7766,10457.6451,15904.699,18869.618,21948.228,29.950476885650623,21.662092522609505,26.923882462917305,32365.89,29287.578,40712.2755,1228.27,1347.61,1692.8492,1.1724970249893827,1.1124696946921564,1.28,2194.638,2229.562,2745.2955,4636.819,5850.777,7068.4951,41.09963225162714,40.62601273795905,40.3311568853021,7091.349,6639.4843,7388.687799999996,2468.55,2171.4199,2966.6,3.36,3.0,3.53,,84.49,86.5,4896.710999999999,4409.92,4643.393,1.56,1.44,1.53,5.934242224919188,5.80226334933144,6.001047435176288,156037.092,177841.659,191476.2885,11281.899000000001,14401.5536,17526.1402,18373.25,21041.0379,24914.827999999998
Bank of America NA,20716.12,27437.983,34492.2603,148.1,175.739,201.2356,19.82,18.46,19.14,39.342799023766396,45.840223516253054,51.65051817236588,52655.43,59855.692,66780.0857,0.0,0.0,0.0,881.97,1872.144,2857.7788,3729.15,5616.671,6926.3965,68.55237911835495,100.50774953867376,118.86919171773388,36096.55,60159.609,79380.9481,0.0,0.0,0.0,0.0,0.0,0.0,1159.63,1881.4180000000001,2570.341700000001,979.01,1013.447,1102.5726,52.60722844952659,35.120950959439504,27.8402719516253,2146.54,3474.516,4229.290800000001,278.37,743.436,1263.2457,237.14,383.96,517.17,,,,986.91,1593.098,1658.9491,1.49,2.09,2.39,3.4253400671237597,3.506636630707348,2.9659777306370856,83121.09,106784.004,137176.2727,1860.98,2885.591,3960.3514,4007.52,6360.107,8189.6422
Bank of Bahrain and Kuwait  B.S.C.,1728.86,1434.328,1415.066,38.51,36.04,37.64,22.13,22.87,29.49,77.24090480594387,69.4725411303029,74.56388746910882,2238.27,2064.597,1897.79,18.35,18.39,5.18,93.254,115.007,113.617,145.86,166.948,168.299,23.816161589084427,25.644326713639508,31.644807908145793,533.07,529.452,600.552,13.39,2.89,0.09,0.71,0.13,0.0,17.165999999999997,5.895999999999997,0.3346,43.63,49.557,47.604,31.873703281610705,30.11411973457135,29.527170778000382,28.165999999999997,32.885999999999996,22.045800000000014,19.19,30.502,14.9678,16.66,6.0,0.0,,,,11.0,26.99,21.709,0.64,0.22,0.01,1.9122292377763965,2.030483244926528,2.264489115071844,2751.03,2558.061,2414.761,136.88400000000001,164.56400000000002,161.221,165.05,197.45000000000002,183.26680000000002
Bank of Baroda,940998.27,1065781.72,1209557.9,26.66,30.46,34.33,16.24,16.31,17.19,78.17627443076415,79.82568073194619,82.16910761317912,1203687.79,1335136.4,1472034.85,36763.68,31833.63,27834.88,48232.53,67884.41,75782.96,89588.54,112605.94,121441.64,30.114566502331968,27.698805904774975,26.181340068137654,362485.36,369816.84,385398.45,8384.32,7213.34,6994.24,0.8910027007807356,0.68,0.58,14109.619999999994,17788.780000000002,19581.15,24518.31,28251.68,29871.38,33.70175519622867,29.387173953090873,28.272742984339306,26863.539999999994,30965.22,32434.63,10025.84,14495.37,16647.33,18.06,23.56,26.11,92.43,93.3,93.29,12753.92,13176.439999999999,12853.48,1.03,1.17,1.16,2.8353969898315015,2.8201294025580532,2.563298172428969,1458561.54,1585797.09,1781247.32,72750.84,96136.09,105654.34000000001,99614.37999999999,127101.31,138088.97
Bank of Ceylon,393.91,376.6193,443.619,25.83,23.4,22.67,30.75,33.26,27.47,129.78912685337727,135.14303040741777,171.10085338488256,303.5,278.682,259.2734,48.88,48.02,35.7,13.769,16.35,17.7892,40.929,45.085,46.05,22.279077429983527,25.802886444047335,31.773216997964308,67.617,71.908,82.3795,16.13,12.67,8.7,4.1,3.36,1.96,11.855000000000006,9.019999999999996,10.253299999999994,11.055,11.676,14.4759,44.53351595230423,41.66131449368443,44.86550483339583,21.455000000000005,20.818999999999996,17.813399999999994,5.35,3.76,4.0285,43.0,32.0,33.0,,,,9.6,11.799,7.5601,2.09,1.4,1.55,4.586528507909061,4.989746145471026,4.709282522957519,592.169,575.881,600.1084,24.823999999999998,28.026000000000003,32.265100000000004,46.279,48.845,50.0785
Bank of China,100.0,80.0,161.6667,5.85,3.774,5.5487,108.59,133.61,125.15,99.52328347216832,508.40456293095235,587.1039319008,100.479,15.7355,27.5363,0.0,0.0,0.0,1.94,2.9761,0.7652,19.666,26.421,27.0721,141.9789209685606,920.9437259699406,582.6795902136453,142.659,144.9151,160.4484,0.0,0.0,0.0,0.0,0.0,0.0,7.786000000000005,2.1388999999999947,2.9537999999999953,34.19,39.273,36.8862,94.63050096872406,92.9558262779562,97.96767185283947,19.126000000000005,5.384899999999995,3.922799999999995,35.59,21.213,14.5021,23.58,5.78,8.44,,,,11.34,3.246,0.969,1.68,0.53,0.64,3.8427852930974677,6.179435005614098,6.561543229353084,461.28,379.402,400.9255,36.129999999999995,42.249100000000006,37.6514,55.256,47.634,41.5742
Bank of India,485899.64,563144.67,649657.04,22.47,25.87,29.19,16.28,16.96,17.77,72.5671743435496,76.31511677936021,79.56203670679368,669586.0,737920.21,816541.49,37685.56,29182.77,21748.89,27372.82,37656.57,46432.35,47647.72,60709.49,70826.3,30.526026529825895,30.781711480703315,31.732839442120692,204398.0,227144.47,259111.8,8053.61,6845.25,5358.49,1.6574636688349882,1.22,0.82,4022.9400000000023,6317.92,9219.02,13982.17,15079.16,16975.46,33.81011578046567,28.593820546335476,26.771875578103078,13392.620000000003,14068.61,16412.11,7099.89,6094.85,8993.62,7.6,12.35,18.15,89.68,90.59,92.39,9369.68,7750.6900000000005,7193.09,0.49,0.7,0.9,2.4860218059826673,2.526076325047946,2.339763315488054,815556.0,912597.92,1042581.95,41354.99,52735.729999999996,63407.81,54747.61,66804.34,79819.92
Bank of Maharashtra,171220.67,200239.88,236083.8,31.45,35.0,37.44,18.14,17.38,20.53,73.14538179415923,73.95825411582327,76.86455737497828,234082.68,270747.17,307142.6,4334.0,3833.05,4184.52,8157.68,10672.84,13281.88,15898.46,20494.69,24947.45,29.419925472486902,25.216928398549836,26.69925630635412,68866.95,68274.12,82004.79,435.18,408.99,431.78,0.25416323858562173,0.2,0.18,2602.0299999999993,4055.0299999999966,5519.790000000001,3921.84,4814.38,5800.71,32.46685298753593,31.08614715875412,30.397917683081804,6099.209999999999,8005.3399999999965,9319.03,2280.27,2997.87,3454.17,20.05,30.04,37.83,98.28,98.34,98.26,3497.18,3950.31,3799.2400000000002,1.1,1.5,1.75,2.892112759063197,3.197863656404977,3.1601836853363943,267651.39,307137.86,369142.15,12079.52,15487.220000000001,19082.59,18178.73,23492.559999999998,28401.620000000003
Bank of Nova Scotia,168.8,2.7873,2.2414,2.91,0.62,0.54,132.27,510.88,477.89,374.9444691248334,8.523853211009174,10.967363115917209,45.02,32.7,20.437,0.36,0.36,0.0,45.46,1.02,1.177,140.74,125.56,128.7017,1321.3904931141715,1812.5076452599387,6069.986299359006,594.89,592.69,1240.5231,0.0,0.0,0.0,0.0,0.0,0.0,-21.62,65.60759999999999,42.85489999999999,124.26,77.82,72.8078,73.21470657553618,98.70624048706242,98.40913268671402,-15.530000000000001,88.1476,86.49189999999999,13.45,41.4276,31.775,-30.04,115.12,102.04,,,,6.09,22.54,43.637,-0.65,3.17,2.03,4.6409227292210575,5.936299417523857,6.004671907062857,2053.04,2097.94,2123.758,169.72,78.83999999999999,73.9848,154.19,166.9876,160.4767
Barclays Bank PLC,9467.11,9026.06,10416.9703,75.87,84.737,103.5563,17.28,15.93,19.16,74.77792785321043,41.74800211282523,52.96162699802209,12660.3,21620.34,19668.9016,31.56,0.1559,0.0,826.38,1290.384,1781.0558,2303.03,2926.766,3579.2671,232.42340228904527,153.26807071489162,222.82913602048828,29425.5,33137.078,43828.0435,0.0,0.0,0.0,0.0,0.0,0.0,669.1000000000004,785.201,1034.5838,594.74,584.807,748.0025,41.850090069804104,31.18652979883116,29.576324911133916,1255.5600000000004,1434.325,1746.8056000000001,373.65,382.75,696.5968,214.8,253.7,354.31,,,,586.46,649.123,712.2218,1.47,1.55,1.68,2.7753944409412266,3.0353910192951084,2.543371556757891,53205.05,53910.089,70701.8719,1421.12,1875.191,2529.0583,2676.6800000000003,3309.516,4275.8639
CSB Bank Ltd.,20650.65,24335.58,31507.05,6.47,6.56,8.38,27.1,24.47,22.46,84.26838370166095,81.8861461431821,85.47416287296036,24505.81,29718.8,36861.49,262.56,361.07,498.46,985.81,1451.13,2120.97,2319.65,2927.54,3597.14,23.86658510777648,25.40960604062075,30.89766582956902,5848.7,7551.43,11389.34,71.82,124.9,163.53,0.3477856629210218,0.513240284390181,0.52,547.36,566.82,593.8,942.12,1280.78,1537.99,48.86691944209593,46.88221793543711,42.033528652950565,707.4,779.92,910.24,315.68,584.29,972.06,8.01,7.21,7.8,,86.44,83.71,160.04,213.1,316.44,2.06,1.79,1.49,4.573853621870444,4.094770383506319,3.085880232718814,29162.28,36055.99,47836.27,1927.9299999999998,2731.91,3658.96,2635.33,3511.83,4569.2
CTBC Bank Co. Ltd.,1776.76,2122.419,2521.389,43.74,43.85,57.07,23.53,35.1,24.07,80.63170792584692,93.78867687739175,77.75237484369435,2203.55,2262.98,3242.845,0.66,0.0,0.0,93.65,135.99,167.1366,163.26,243.11,289.9697,44.49774227950352,45.541719325844674,42.62320894153128,980.53,1030.6,1382.2046,0.0,0.0,0.0,0.0,0.0,0.0,10.20999999999996,33.14300000000005,32.87950000000001,62.45,77.02,90.1025,40.0064061499039,36.157926857894,35.02675137644316,21.94999999999996,59.82000000000005,63.14670000000001,14.79,29.72,30.4161,11.22,33.0,33.0,,,,11.74,26.677,30.2672,0.37,0.96,0.8,2.1635482066264684,3.0537606697747823,2.5912641813969945,3217.4,3507.806,4740.277,156.10000000000002,213.01,257.2391,178.04999999999998,272.83000000000004,320.3858
Canara Bank,830672.55,931612.83,1049155.02,22.45,25.97,29.3,16.68,16.28,16.33,70.44262556202365,70.98723960982213,72.01366824758043,1179218.61,1312366.61,1456883.18,46159.51,40604.57,31530.03,52989.49,72121.99,82683.11,84424.78,108687.93,119755.07,27.055072511109707,27.237390625169894,26.10665050028239,319038.45,357454.42,380343.4,14349.33,11822.83,7353.31,1.7274351969377104,1.27,0.7,10603.769999999997,14554.329999999996,17026.67,22481.48,26119.79,28134.5,29.788248382126266,26.587252388953054,25.38811295424978,27716.009999999995,29412.589999999997,31390.26,18762.2,18966.44,22452.8,12.0,18.0,21.0,87.31,89.1,92.7,17112.239999999998,14858.26,14363.59,0.81,1.01,1.09,2.335924549627164,2.451554926371704,2.202927700728574,1345732.25,1491540.72,1682849.6,75470.97,98241.78,110817.61,103186.98,127654.37,142207.87
Capital Small Finance Bank Ltd.,5428.69,6074.69,7090.39,6.99,7.4,7.88,18.87,27.39,25.39,82.74660016888647,81.23697801742237,85.19441040059597,6560.62,7477.74,8322.6,152.62,170.18,185.34,354.02,449.18,498.3,676.01,794.33,908.5,22.6896238465267,22.810501568655773,21.861557686299953,1488.58,1705.71,1819.45,74.05,85.07,91.84,1.3640491536632227,1.4,1.2952743079012579,92.60000000000004,111.53,131.64999999999995,222.75,258.33,310.79,38.62024723893406,36.51255812638691,38.412290350888036,147.71000000000004,154.9,185.42999999999995,49.47,68.08,86.02,5.42,6.05,6.69,,,,55.11,43.37,53.78,1.22,1.27,1.35,4.029524063388134,3.7131748586379327,4.058368480466505,7990.77,9295.28,10107.51,576.77,707.51,809.09,725.48,862.4100000000001,994.52
Central Bank of India,202984.31,243406.28,282419.87,18.45,20.14,21.24,14.12,15.08,17.02,56.49493578381107,63.220551541185856,68.43271799751265,359296.47,385011.32,412697.14,18436.48,11340.34,9224.78,13855.1,17825.91,19768.96,25541.89,30722.23,33665.85,38.0141446978313,37.381625558438124,34.27095472481345,136583.48,143923.49,141435.25,3627.22,3001.95,1543.26,1.7869459959737772,1.23,0.5464417216819766,1582.199999999998,2549.0600000000004,3785.26,8886.74,10244.92,11627.17,39.07660945640282,36.49667644312619,37.03376817461261,6883.759999999998,7362.68,8124.31,4083.71,4711.28,5854.59,5.07,8.06,10.13,92.48,93.58,96.54,5301.56,4813.62,4339.05,0.44,0.63,0.86,2.8773468666675743,2.887196886830041,2.900453788843498,406165.49,446672.69,479128.13,22741.84,28070.83,31396.129999999997,29625.6,35433.51,39520.44
Citibank N.A.,49965.42,68307.62,72260.24,45.71,121.49,150.805,20.68,18.71,20.38,33.901846887071265,35.6464070499162,36.16496602971862,147382.59,191625.54,199807.294,207.3,196.06,104.755,3401.48,4554.57,5273.32,14265.0,15411.1,17000.01,78.0314757665746,57.799607505346096,66.14239418106528,115004.81,110758.81,132157.328,0.0,0.0,0.0,0.0,0.0,0.0,13613.740000000002,6237.119999999999,6192.788999999998,5336.4,4268.17,6026.997,61.07202204653761,48.37692145523953,53.33476043194187,19981.36,11214.289999999999,10873.008999999998,14454.24,4625.93,5173.316,96.0,341.0,361.76,,,,6367.62,4977.17,4680.22,1.92,2.52,2.29,4.9992687602121615,4.182221303671419,4.334473733814154,217302.18,259587.65,270544.724,8737.88,8822.74,11300.317,28719.239999999998,20037.03,22173.325999999997
City Union Bank Ltd.,43053.34,45525.719,52081.2546,15.98,14.21,15.32,22.34,23.73,23.75,82.16623391990319,81.79746208179294,81.9842149587934,52397.85,55656.64,63525.9539,1920.16,1854.43,1638.1689,2551.54,3147.1,3518.3292,4714.33,5270.565,5834.0426,27.353450570968086,28.144189085075922,27.289859554552866,14332.62,15664.11,17336.1436,1017.63,898.677,653.0666,2.3636493707572983,1.9739984776517203,1.25,937.47,1015.73,1123.6262,1155.17,1348.388,1535.1495,31.164293942606786,29.994252014464283,30.37807401859634,1817.97,1516.73,1678.6262,810.36,741.655,898.0623,15.58,14.13,14.77,,72.0,78.0,880.5,501.0,555.0,1.46,1.52,1.55,3.2476977098429662,2.9981489249097515,2.9832742730164856,66594.56,70825.868,77623.2149,3706.71,4495.487999999999,5053.4787,5524.69,6012.219999999999,6732.1049
Cooperatieve Rabobank U.A.,225.93,0.0,0.0,,,,74.4,160.76,187.44,151.02272727272728,0.0,0.0,149.6,0.0,0.0,103.93,0.0,0.0,36.28,2.47,0.0,142.16,91.691,61.407,106.97860962566845,0.0,0.0,160.04,82.42,0.0,37.93,0.0,0.0,,,,41.14000000000001,62.753,17.644399999999994,78.64,51.778,20.872,68.43021232161503,95.44683674974192,100.0,54.260000000000005,42.523,41.47239999999999,27.02,5.08,0.9374,,,,,,,13.12,-20.23,23.828,0.87,4.12,1.68,7.65382835993523,8.533109662906734,5.842126443834928,1383.36,1045.586,1051.107,114.92,54.248,20.872,169.18,96.771,62.34439999999999
Cooperatieve Rabobank U.A. ^,,,,14.44,0.0,0.0,,,,,,,,,,,,,,,,,,,,,,,,,,,,16.78838578320719,0.0,0.0,,,,,,,,,,,,,,,,158.21,448.19,160.4,,,,,,,,,,,,,,,,,,,,,
Credit Agricole Corporate & Investment Bank,5090.08,4898.439,6837.989,133.51,130.91,132.13,13.65,14.4,20.34,60.5052165612894,54.41902179854191,87.20750113250052,8412.63,9001.336,7841.056,2.93,2.93,2.93,385.42,611.91,805.893,799.48,1126.558,1376.488,78.82124852751161,111.03668388781401,173.71778750209154,6630.94,9994.785,13621.309,0.0,0.0,0.0,0.0,0.0,0.0,80.73999999999992,131.195,214.077,192.29,230.819,240.762,33.28486610929359,27.38946921252265,23.002995256316552,169.07999999999993,231.64999999999998,355.74,-52.69,-52.179,25.907,79.94,124.0,193.0,,,,88.34,100.455,141.663,0.36,0.63,0.84,2.086692009077307,2.4206224419273887,1.8146222986418337,19842.89,21260.9778,31444.2846,577.71,842.7289999999999,1046.655,746.79,1074.379,1402.395
DBS Bank Ltd.,47159.54,52201.347,53972.767,16.61,19.13,18.853,14.99,15.75,16.81,76.8382417035967,65.71297735123463,64.78271691963398,61375.09,79438.414,83313.528,2772.42,1792.649,1538.142,3353.45,5119.692,6177.01,5734.893,7836.763,9295.23,70.17636959880629,69.64973016707006,67.41893825454132,43070.81,55328.641,56169.096,550.42,125.178,150.482,1.167144548059629,0.24,0.27,228.13600000000034,376.8500000000006,684.3229999999984,2966.88,3552.62,3857.1,46.94185271971559,40.965085204499104,38.439881563985246,384.46600000000035,711.6280000000006,1297.9829999999984,969.903,1547.177,2036.863,347.0,543.0,932.43,,,,156.33,334.778,613.66,0.22,0.33,0.53,2.1357698762515276,2.0827568484696246,2.228084046861204,111502.79,130455.5067,139950.735,6320.33,8672.312,10034.11,6704.796,9383.94,11332.092999999999
DCB Bank Ltd.,34378.04,40924.56,51046.91,7.8,8.37,8.97,17.55,16.59,16.77,83.36311507748385,82.92208198767128,85.03431979670488,41238.91,49353.03,60030.95,1122.84,1353.47,1554.43,2483.26,3434.14,4364.02,4200.27,5362.04,6470.59,30.511136206073335,32.846716807458435,33.56585228119829,12582.46,16210.85,20149.9,356.92,454.33,571.55,1.0382209107907259,1.1101646541832093,1.1196564101529356,465.56,535.97,615.33,1339.67,1537.7,1820.08,35.04301674370182,30.928187552294524,29.43160686276095,786.7300000000005,864.4399999999996,1037.0,409.39,474.24,750.51,5.08,5.25,5.31,,77.3,74.48,321.16999999999996,328.47,421.66999999999996,0.97,0.93,0.89,3.2788722883817267,3.05836400448816,2.7425804370224727,52365.87,63036.97,76809.78,3822.9300000000003,4971.84,6184.1,4609.660000000001,5836.28,7221.1
Deutsche Bank AG,57196.08,60240.672,67420.5697,68.75,77.145,87.547,15.41,16.26,17.69,81.62743143682118,78.24124882238428,72.3500669940721,70069.68,76993.495,93186.603,1747.97,761.769,642.3891,3416.69,3998.14,4145.6211,8517.88,9723.088,10358.5788,66.8469443559611,76.93627234352721,67.6616696715514,46839.44,59235.925,63051.6115,520.34,190.5,187.3697,0.909747661028518,0.32,0.28,1466.8899999999985,1976.7610000000006,3070.015699999999,2820.99,3213.321,3182.1963,45.22498749535083,44.55852981802162,43.42624994995099,2756.2699999999986,4022.4500000000007,5087.311399999999,476.07,1510.823,2056.55,80.38,113.22,170.75,,,,1289.38,2045.689,2017.2957,1.07,1.34,2.12,3.869194689092849,3.9418568560447382,3.7138360466402927,131841.13,145234.802,167292.1912,6237.68,7211.460999999999,7327.8174,8993.949999999999,11233.911,12415.128799999999
Dhanlaxmi Bank Ltd,9451.52,10102.16,11959.49,13.13,14.64,16.07,12.32,12.71,16.12,70.78915340051604,70.69237826191315,74.68403123624203,13351.65,14290.31,16013.45,511.14,421.21,364.11,595.48,748.54,836.59,1071.223,1206.99,1319.88,29.124789819984798,27.587924964538907,24.698924966200288,3888.64,3942.4,3955.15,109.2,126.47,117.94,1.1553697183098592,1.25,0.99,49.36,57.82,66.64,427.07,541.75,557.39,41.765194855997265,41.98668516380039,39.98550911777787,123.2,69.25999999999999,95.10000000000014,74.52,152.56,169.2,2.79,3.43,3.8,,88.32,,73.84,11.44,28.46,0.34,0.38,0.41,3.1439262020614414,2.87215361088192,2.694383768914877,15132.13,15961.89,17936.94,1022.55,1290.29,1393.98,1145.743,1359.55,1489.0800000000002
Doha Bank,606.58,681.38,856.207,24.0,26.54,37.0712,29.34,40.0,41.43,77.03356391672584,77.47796918528626,82.56345772394022,787.423,879.45,1037.029,26.5,9.37,9.37,29.25,42.47,59.9,72.22,85.06,101.878,45.5092116943498,46.84291318437659,35.785113048911846,358.35,411.96,371.102,0.0,5.46,4.337,0.0,0.8,0.51,35.358000000000004,28.710000000000008,13.21700000000001,41.5,36.61,36.205,58.657243816254415,46.29489124936773,37.67233754747412,46.668000000000006,22.180000000000007,16.89800000000001,45.198,16.2,11.125,0.61,49.49,22.79,,,,11.31,-6.53,3.681,2.86,2.23,0.89,3.5810720714714313,3.232024283817113,2.6109780749494638,1199.92,1317.75,1607.75,70.75,79.08,96.10499999999999,117.418,101.26,113.003
ESAF Small Finance Bank Ltd.,13924.33,18293.11,18027.87,5.44,6.16,3.2,19.83,23.27,21.84,94.94532454453031,92.07416019891484,77.45114802779119,14665.63,19867.8,23276.44,351.69,893.04,1290.56,1017.32,1448.73,1810.69,2853.66,3818.43,3862.22,33.33324241781635,27.889449259605996,25.75677380217937,4888.53,5541.02,5995.26,157.89,413.79,539.64,1.13,2.26,2.9933652727693287,303.3299999999996,425.57000000000005,-521.3900000000003,1230.54,1648.83,1903.51,54.742733088359586,53.22996164723202,51.24952883528081,893.7099999999996,1162.69,615.1099999999997,287.91,441.82,467.09,6.0,7.13,-4.16,,,,591.38,737.12,1136.5,1.63,1.86,-1.94,9.080156608645517,9.083876646038162,7.548414561769705,20223.66,26086.88,27178.29,2247.86,3097.56,3714.2,3141.5699999999997,4260.25,4329.3099999999995
Emirates NBD Bank (PJSC),3417.2,4641.62,6568.2732,76.43,87.63,95.184,52.25,38.91,30.02,103.2789213923251,99.88659081665371,84.1585596630989,3308.71,4646.89,7804.6407,0.0,0.0,0.0,137.42,332.07,441.8856,289.9,538.43,642.4709,58.59141478098715,41.78106217276501,43.844286130942585,1938.62,1941.52,3421.889,0.0,0.0,0.0,0.0,0.0,0.0,40.769999999999975,74.07999999999993,83.69179999999994,105.71,133.28,158.04,43.478797351211284,28.640807993983024,26.343266565054062,89.39999999999998,128.95999999999992,145.66459999999995,42.63,55.88,103.1193,47.39,69.89,55.42,,,,48.63,54.88,61.9728,0.8,0.97,0.91,2.4167192339025383,2.5025709684304474,1.6102655125852356,6309.38,8245.92,12456.66,243.13,465.35,599.9256,332.53,594.31,745.5902
Equitas Small Finance Bank Ltd.,25798.55,30964.2999,36208.8881,2.45,2.8,3.03,23.8,21.7,20.6,101.77553052490723,85.70435551992345,83.99824458924269,25348.48,36129.2022,43106.72,723.96,821.2772,1067.7299,1617.15,2406.6428,3060.11,4161.87,5486.4034,6311.725,26.291753982881815,25.09126066448265,21.54811384396679,6664.56,9065.2723,9288.6851,312.01,360.8988,354.1952,1.2094090559353141,1.17,0.9781996039806592,574.59,798.9602000000004,147.0567999999996,2038.3,2501.0668,2828.83,55.76057667318661,50.96199661039439,48.03631893006211,1177.0,1377.3644000000004,1334.2740999999996,669.58,798.6706,911.4891,3.0,3.7,0.6,,,,602.41,578.4042,1187.2173,1.82,1.96,0.3,7.279337654190475,6.798007779021987,6.1542088170425915,34958.1256,45303.8699,52835.63,3655.45,4907.7096,5888.9400000000005,4832.45,6285.0740000000005,7223.2141
Fincare Small Finance Bank Ltd.,8702.42,12357.78,,0.97,1.17,,20.04,24.53,,108.33081254146859,117.45041200566449,,8033.19,10521.7,,288.47,199.54,,653.68,1023.44,,1744.12,2670.63,,31.405207644783705,30.267067108927264,,2522.84,3184.61,,113.02,78.42,,1.2987192068413154,0.63,,104.06999999999994,395.9700000000005,,874.05,1283.09,,57.21233464028329,55.65271325899034,,443.06999999999994,707.7500000000005,,226.68,342.65,,0.82,2.76,,,,,339.0,311.78,,0.95,2.69,,8.746126989041274,9.539288707120864,,12467.69,17267.43,,1527.73,2305.5299999999997,,1970.8,3014.28,
Fino Payments Bank Ltd.,,,,0.32,0.53,0.7,86.05,74.5,80.45,,,,917.147,1412.54,1939.44,,,,47.37,78.9,100.58,94.8649,150.05,195.23,124.99959112334227,123.67295793393463,123.13502866806914,1146.43,1746.93,2388.13,,,,0.0,0.0,0.0,65.09,86.22,92.53,1117.46,1312.62,1638.17,95.93331215713881,94.32994135908933,94.21538461538462,65.09,86.86,108.35,1135.05,1328.34,1651.87,2.27,3.21,3.34,,,,0.0,0.64,15.82,3.14,2.93,2.43,1.9256771002270519,2.080950890728874,2.2503940864446146,2466.4,3419.11,4205.93,1164.83,1391.52,1738.75,1229.91,1478.38,1847.1
First Abu Dhabi Bank PJSC,1100.29,1193.071,2284.4512,,,,,,,,,,708.83,502.032,1506.8642,,,,,,,,,,,,,6521.44,5806.848,4959.1209,,,,,,,,,,,,,,,,,,,,,,,,,,,,,,,,,,,,,,,,,,,,,
First Abu Dhabi Bank,,,,42.05,31.67,64.02,33.16,37.4,26.03,155.2262178519532,237.64839691493768,151.60299116536183,,,,0.0,0.0,0.0,303.8,345.89,311.0,557.36,536.235,475.526,920.0287798202671,1156.6688976001528,329.1020451610703,,,,0.0,0.0,0.0,0.0,0.0,0.0,-29.75,112.686,51.81299999999994,88.17,91.308,105.09,22.494068423603846,20.884816490468854,25.25655507221995,129.25,98.81700000000001,110.74299999999994,-36.14,-0.22,51.307,-69.18,212.6,87.82,,,,159.0,-13.869,58.93,-0.31,1.25,0.6,2.832999822350934,2.3291105598540853,1.7102163248082562,8950.23,8172.433,9620.1865,391.97,437.198,416.09000000000003,521.22,536.015,526.833
FirstRand Bank Ltd.,0.0,0.0,0.0,0.0,0.0,0.0,218.1,252.74,304.26,,,,0.0,0.0,0.0,0.0,0.0,0.0,0.0,0.0,0.0,17.63,21.33,21.5306,,,,0.0,0.0,0.0,0.0,0.0,0.0,0.0,0.0,0.0,17.23,8.359000000000002,6.250399999999999,25.94,34.068,27.7611,100.0,100.0,100.0,17.84,8.899000000000001,6.8873999999999995,26.15,21.637,13.1179,172.26,0.0,0.0,,,,0.61,0.54,0.637,4.9,2.28,1.68,4.886363636363636,5.701516394866764,5.641645239231321,360.8,374.111,381.6369,25.94,34.068,27.7611,43.78,42.967,34.6485
HDFC Bank Ltd.,1600585.9,2484861.52,2619608.61,19.74,21.49,23.62,19.26,18.8,19.55,84.98409507534706,104.41532253896347,96.49663800791751,1883394.65,2379786.28,2714714.9,18019.03,31173.32,35222.64,74743.31,149808.1,177846.95,161585.55,258340.56,300517.04,27.450509642256872,29.515884090230156,30.808379914959026,517001.43,702414.96,836359.68,4368.43,8091.74,11320.43,0.27292693256887995,0.325641486854366,0.43,44108.71,60812.27,67347.36,47652.09,63386.01,68174.89,38.932909243321234,29.73159530532996,27.710909730615786,70404.98,94387.44,100127.48,31214.83,49240.99,45632.28,27.73,31.2,32.0,,74.04,76.2,26296.27,33575.17,32780.12,2.07,1.98,1.91,3.521466776515429,3.00010416231701,3.137182836022148,2466081.48,3617623.06,3910198.94,122395.4,213194.11000000002,246021.84000000003,192800.38,307581.55,346149.31999999995
Hongkong and Shanghai Banking Corpn. Ltd. (HSBC),103574.25,109216.135,138277.8219,82.78,79.226,83.7231,16.6,15.88,16.34,55.1363318558872,54.27724980638147,61.90310132537569,187851.18,201218.9921,223377.8582,,,,,,,,,,64.38995485681804,73.81208326805847,71.75443564173274,120957.29,148523.93,160283.5215,,,,0.08013574802617446,0.05,0.03,,,,,,,43.727886573076944,39.697619242480286,38.186661634786326,,,,,,,98.36,139.08,144.47,,,,,,,1.25,1.89,1.83,3.2384267005169174,3.8116719156271093,3.3914305865186614,,,,,,,,,
Hongkong and Shanghai Banking Corpn.Ltd. (HSBC),,,,,,,,,,,,,,,,523.54,458.13,458.9429,6113.65,8650.233,10562.5685,15602.76,19962.248,23414.0804,,,,,,,83.0,50.3,38.5962,,,,3452.940000000002,5436.332999999997,6176.860500000001,4750.79,5694.529,6525.2782,,,,6469.330000000002,9570.208999999997,10523.7059,1731.01,3952.723,4197.4722,,,,,,,3016.39,4133.876,4346.8454,,,,,,,293016.05,296773.05,378940.7323,10864.439999999999,14344.762,17087.8467,17333.77,23914.970999999998,27611.5526
ICICI Bank Ltd.,1019638.31,1184406.39,1341766.16,17.07,16.84,20.06,18.34,16.33,16.55,86.34850735030143,83.83249389812941,83.32150214336897,1180840.69,1412824.95,1610348.02,31183.7,27961.68,24166.18,47102.74,68585.22,82099.34,109231.34,142890.94,163263.78,30.68404849768515,32.69635562424064,31.344574820540966,362329.73,461942.27,504756.74,5155.07,5377.79,5589.41,0.48,0.42,0.39,31896.5,40888.27,47226.99,32873.24,39132.73,42372.32,41.103891443405885,36.32888483302922,34.04174090712697,49086.81,58130.75999999998,67298.82,19831.45,22957.77,28506.7,27.52,29.42,35.0,,80.31,76.2,17190.309999999998,17242.489999999998,20071.829999999998,2.16,2.37,2.41,3.921748466338025,3.9703521839514604,3.8316924026317944,1584206.65,1871514.58,2118239.97,79975.98,107717.95000000001,124471.66,129062.79,165848.71,191770.48
IDBI Ltd.,162567.72,188620.61,218399.0,22.31,23.5,25.65,20.44,22.26,25.05,63.62976562100952,67.93290302337537,70.38453853442219,255490.05,277657.22,310294.0,10969.0,8917.0,6695.0,9139.2316,12239.6949,14276.0,20569.78,26426.134,28902.0,39.01903029100351,41.3942918538189,37.8570001353555,99689.74,114934.24,117468.0,1495.0,644.0,337.0,0.9196167603260967,0.34,0.15,3645.09,5634.09,7515.0,7066.7,8205.296,8472.0,43.605638814370906,40.13352727880158,37.24283453490417,8735.828399999999,9592.050099999997,11078.0,4371.98,3610.907,4924.0,20.42,29.63,38.09,,99.09,99.48,5090.74,3957.95,3563.0,1.2,1.44,2.11,3.458539569459005,3.9018970069696177,3.552923400565028,330502.1721,363578.0,411661.0,16205.9316,20444.9909,22748.0,24941.76,30037.040999999997,33826.0
IDFC First Bank Ltd.,151794.53,194592.37,233112.53,8.11,8.67,10.31,16.82,16.11,15.48,104.94839125534068,97.0166267392196,92.48102624221308,144637.31,200576.31,252065.25,3884.45,3718.36,4433.58,10092.21,13871.75,17209.52,22727.54,30322.5,36501.49,42.25987748251126,37.2478634191645,32.02167692690682,61123.55,74710.39,80715.52,1304.05,1160.46,1229.92,0.8590889276444941,0.5963543174894268,0.53,2437.13,2956.51,1524.85,12170.35,16215.78,18898.83,54.667342839278156,53.89535132993636,52.33922347601039,4931.95,6236.97,7414.85,4466.97,6002.0,7021.71,7.75,7.56,3.66,,86.58,72.3,2494.8199999999997,3280.46,5890.0,1.13,1.1,0.48,5.266000910387968,5.555525537198204,5.611088869088398,239941.66,296115.1,343818.65,22262.559999999998,30087.53,36108.350000000006,27194.510000000002,36324.5,43523.2
India Post Payments Bank Ltd.,,,,3.57,6.65,10.94,56.96,54.86,49.24,,,,6292.36,11552.19,19345.24,,,,94.02,169.736,366.67,279.05,607.58,1122.85,73.09156818745272,76.5176066183122,85.48247527557167,4599.1846,8839.4593,16536.79,,,,0.0,0.0,0.0,20.16,34.24,133.85,646.14,1003.68,1513.04,87.2973411154345,85.53459119496854,80.49326757850945,25.99,91.87,268.41,487.098,657.715,1025.27,1.14,1.97,7.57,,,,5.83,57.6348,134.56,0.3,0.32,0.71,2.427985807115338,3.2046526470493517,3.3010480952116943,7620.72,13662.76,22907.27,740.16,1173.42,1879.71,766.15,1265.2909,2148.12
Indian Bank,449296.73,514889.0682,571071.19,26.61,29.85,32.42,16.49,16.44,17.94,72.33121316925131,74.83852735465116,77.46977305515556,621165.76,688000.0,737153.56,28179.53,21106.31,18178.86,24716.75,32341.49,36825.79,44942.21,55614.78,62002.16,29.941806515542645,30.89454601744186,30.563932974833623,185988.25,212554.4766,225303.12,4043.07,2222.58,1109.56,0.8998663310992716,0.43,0.19429451518995383,5281.699999999997,8062.940000000002,10918.29,12097.9,14300.46,15401.65,32.86164611099114,30.660081750441393,29.48957482886391,15270.619999999995,16839.550000000003,18998.2,7143.06,7866.72,9223.48,14.2,20.03,27.25,93.82,96.34,98.1,9988.919999999998,8776.61,8079.91,0.77,1.07,1.32,2.846648728988639,2.9362513890304855,2.8825352326247082,710500.73,792619.1227,873410.66,36814.65,46641.95,52227.44,52085.27,63481.5,71225.64
Indian Overseas Bank,178052.57,213318.81,245555.17,20.21,23.54,26.8,16.1,17.28,19.74,68.24989442597109,74.61168096941722,78.71901611989172,260883.29,285905.38,311938.82,14071.55,6794.43,5347.72,11145.44,14220.32,17240.8,19400.33,24049.73,28131.01,36.096758056064076,34.84792066522148,35.59827532847627,94170.41,99632.08,111044.84,3266.01,1216.86,911.86,1.8342953432236333,0.57,0.37134628442154155,2098.7900000000004,2655.6099999999988,3334.71,6421.46,8721.91,7747.27,36.55431521782443,38.016836201188816,31.00387504917347,5942.18,6763.759999999998,8688.01,4108.75,5656.26,5545.07,9.0,12.0,16.0,92.63,96.85,97.3,3843.39,4108.15,5353.3,0.68,0.81,0.92,2.6310756905064108,2.7921793378711954,2.7569109158251077,313745.82,352033.62,395014.94,17566.9,22942.23,24988.07,23509.08,29705.989999999998,33676.08
Indusind Bank Ltd.,289923.68,343298.27,345018.63,16.95,16.98,16.61,17.86,17.23,16.24,86.1744390811339,89.21636863796766,83.93018174111617,336438.14,384792.92,411078.14,5826.27,6693.38,11046.39,18775.8,25132.3,29636.35,36367.91,45748.21,48667.67,24.704749586357835,27.684165810535188,27.852806768075773,83116.2,106526.71,114496.8,1714.96,1968.9,3287.14,0.5915211893005774,0.5735245913123884,0.95,7389.72,8949.78,2642.9,11412.0,14263.49,16070.65,37.803351022598534,36.20561994060786,35.160150523989756,14346.48,15740.269999999997,10644.86,8166.37,9387.85,7684.19,20.6,21.355,6.0,,70.58,,6956.76,6790.49,8001.96,1.81,1.9,0.5,3.8427161140230206,4.003593462205872,3.435142040310825,457804.05,514935.15,554018.43,30187.8,39395.79,45707.0,44534.280000000006,55136.06,56351.86
Industrial & Commercial Bank of China Limited (ICBC),,,,61.46,92.198,97.924,30.86,21.91,26.79,33.36534481996553,45.96631406176294,42.33366655565716,,,,,,,147.28,223.518,228.8908,219.41,324.854,369.987,118.88302681330339,121.37958553307529,104.11489065408477,,,,,,,0.0,0.0,0.0,14.799999999999995,49.429,62.283,55.66,51.236,61.1697,27.426825662757466,18.647954169911994,21.08860048162366,27.629999999999995,87.40699999999998,114.11640000000006,11.16,37.307,34.1899,27.43,100.88,124.57,,,,12.83,37.976,51.8334,0.36,0.99,1.16,1.654570311783165,1.774918366120876,2.4393494994237033,,,,202.94,274.754,290.0605,230.57,362.161,404.17690000000005
Industrial & Commercial Bank of China Ltd (ICBC),830.36,1422.685,1456.2551,,,,,,,,,,2488.69,3095.06,3439.9456,0.0,0.0,0.0,,,,,,,,,,2958.63,3756.771,3581.4956,0.0,0.0,0.0,,,,,,,,,,,,,,,,,,,,,,,,,,,,,,,,,,4359.44,5709.333,5784.1732,,,,,,
Industrial Bank of Korea,441.79,548.559,600.0678,38.17,30.35,29.36,70.02,66.36,96.44,75.04119035890817,165.50378943303323,213.82728983152313,588.73,331.448,280.632,0.0,0.0,0.0,5.4,11.38,12.3879,44.9,60.2,64.4656,10.47644930613354,20.350100166541964,24.030759143647195,61.678,67.45,67.438,0.0,0.0,0.0,0.0,0.0,0.0,16.513999999999996,18.359000000000005,20.432600000000008,18.28,20.717,22.3066,77.19594594594595,64.54497305044084,64.29434060153628,29.699999999999996,34.263000000000005,35.276700000000005,8.48,6.14,5.4856,61.21,63.0,68.0,,,,13.186,15.904,14.8441,1.99,2.03,2.1,3.5724298854109193,5.688948966095868,4.454595843904341,1105.69,858.155,1169.078,23.68,32.097,34.6945,53.379999999999995,66.34,69.9512
JPMorgan Chase Bank,16097.43,12494.736,15460.4667,164.32,178.459,196.9543,21.91,21.51,20.01,28.953868224837322,17.34087712076313,19.056349950935633,55596.82,72053.6563,81130.2623,0.0,0.0,0.0,1290.3,2469.041,3076.3588,4827.74,6739.161,8173.9465,120.07548273444415,126.32994725626436,129.3682061718171,66758.15,91025.346,104956.765,0.0,0.0,0.0,0.0,0.0,0.0,1932.3600000000004,2563.725999999999,3714.616400000001,831.27,1005.235,1098.6945,39.18183232228963,28.933654090809135,26.31569996962674,3583.3100000000004,4622.612999999999,6323.504500000001,877.14,1357.728,2324.6113,463.39,581.34,762.75,,,,1650.95,2058.887,2608.8881,2.07,2.38,2.93,2.9090253600591565,3.365598400056824,2.7317920320356897,121602.24,126875.506,186602.3343,2121.5699999999997,3474.2760000000003,4175.0533,5704.88,8096.889,10498.5578
JSC VTB Bank,0.0,0.0,0.0,2.83,32.68,76.61,116.72,188.29,193.76,0.0,0.0,0.0,36.78,653.552,1915.165,0.0,0.0,0.0,0.0,0.0,0.0,10.57,40.233,109.019,415.79662860250136,41.488358998212846,15.047632971571643,152.93,271.148,288.187,0.0,0.0,0.0,0.0,0.0,0.0,5.760000000000002,41.884,95.38080000000001,10.18,18.507,38.522,100.0,100.0,100.0,10.280000000000001,75.345,155.246,9.89,53.619,84.749,44.24,209.0,382.0,,,,4.52,33.461,59.8652,0.15,1.2,5.28,0.2840252586322719,2.717672878188029,4.150033105021049,3721.5,1480.421,2626.9429,10.18,18.507,38.522,20.46,93.852,193.768
Jana Small Finance Bank Ltd.,17759.56,23111.27,27155.48,1.85,2.17,2.31,15.57,20.31,20.68,108.72742901012732,102.39251259899208,93.25441332317757,16334.02,22571.25,29119.78,709.19,494.33,749.6,1414.99,1885.9047,2316.66,3075.01,4013.81,4709.79,31.96530921353102,29.85076147754333,20.414233898745117,5221.22,6737.69,5944.58,468.0,130.02,254.185,2.6352004216320672,0.56,0.9360357467443036,255.97000000000037,669.5356000000002,501.4099999999996,1284.51,1604.8397,1942.63,47.583256158547876,45.97413949872697,45.609244733277144,1000.3700000000003,1193.3056000000001,1226.3599999999997,624.86,670.24,775.86,1.56,3.07,1.97,,,,744.4,523.77,724.95,1.13,2.38,1.49,6.473428067821992,6.505410002757585,6.221801276114936,25643.6,32709.78,38463.62,2699.5,3490.7444,4259.29,3699.8700000000003,4684.05,5485.65
Jio Payments Bank Ltd.,,,,0.149,0.4398,0.82,3271.0,557.0,436.0,,,,26.97,87.96,295.23,,,,0.7,1.49,7.39,7.93,13.07,20.53,735.335558027438,216.9167803547067,113.82312095654237,198.32,190.8,336.04,,,,0.0,0.0,0.0,-44.470000000000006,-58.52,-103.86,57.63,88.35,134.69,98.79993142465284,98.34149599287622,94.79203321838271,-44.470000000000006,-58.52,-103.86,5.94,18.25,17.71,-0.2457,-0.2926,-0.29,,,,0.0,0.0,0.0,-26.09,-28.14,-26.63,3.397556390977443,5.148955091151622,2.508255865004677,212.8,224.9,523.87,58.33,89.84,142.09,13.8633,31.32,38.23
KEB Hana Bank,2220.41,2580.32,2749.2708,113.48,120.93,153.97,31.08,30.96,30.95,92.84008947797545,116.412118171618,77.15211737146934,2391.65,2216.539,3563.4418,40.0,40.0,0.0,78.4,159.045,182.772,167.45,261.391,301.038,9.032258064516128,14.65947587658056,10.478173096583197,216.02,324.933,373.3836,0.0,0.0,0.0,0.0,0.0,0.0,25.15999999999998,49.889000000000024,91.362,38.76,42.716,47.6929,33.08296346876067,21.171584201109233,20.694214173177784,73.98999999999998,86.30800000000002,104.44999999999999,23.7,26.678,33.8769,61.0,125.0,223.0,,,,48.81,36.419,13.088,0.86,1.34,1.99,2.241966182942426,2.7027790725157432,2.2722798212325657,3971.96,3786.695,5204.7287,117.16,201.761,230.4649,191.14999999999998,288.069,334.9149
Kookmin Bank,1026.2,1023.758,1359.909,125.6,71.19,56.48,43.9,35.02,29.41,55.09180446328439,77.85231939163498,75.43650705600426,1862.709,1315.0,1802.72,0.0,0.0,0.0,104.1918,180.905,192.1745,159.12,221.93,235.1347,69.89927036375515,140.892927756654,105.4835859146179,1302.02,1852.742,1901.5737,0.0,0.0,0.0,0.0,0.0,0.0,0.8712000000000102,4.023000000000014,-0.533499999999985,27.577,30.362,52.044,20.928322941394324,14.371387864645211,21.310424885911587,3.9712000000000103,19.503000000000014,3.958500000000015,-23.38,8.84,13.0423,4.0,12.0,-1.0,,,,3.1,15.48,4.492,0.03,0.13,-0.02,2.1670066081467603,1.337771593720479,1.1923909049974468,2534.75,3066.667,3602.8621,131.7688,211.267,244.2185,135.74,230.77,248.17700000000002
Kotak Mahindra Bank Ltd.,319861.21,376075.27,426909.2,8.73,9.63,10.89,21.8,20.55,22.25,88.09272642872321,83.76704059159769,85.54349496417359,363096.05,448953.75,499055.13,5768.32,5274.78,6133.85,12698.93,19805.71,24577.95,34250.85,45798.91,52919.73,33.43570661261669,34.61464794536186,36.45037172546448,121403.73,155403.76,181907.45,1193.3,1270.57,1343.44,0.3730680566111783,0.3378499203098358,0.3146898684778871,10939.3,13781.58,16450.08,13786.99,16678.85,18753.7,52.054034747518685,45.714817446064856,43.2794504709606,14847.980000000003,19587.450000000004,21006.57,7083.05,10273.1,11418.49,15.0,18.0,21.0,,80.07,78.0,3908.6800000000003,5805.870000000001,4556.49,2.47,2.61,2.65,4.3995857776247735,4.329623513207682,4.086042675155875,489862.48,600357.05,693624.18,26485.92,36484.56,43331.65,41333.9,56072.01,64338.22
Krung Thai Bank Public Company Ltd.,0.0,,,0.0,,,232.72,,,0.0,,,0.0,,,0.0,,,0.0,,,2.23,,,0.0,,,0.0,,,0.0,,,0.0,,,-1.77,,,3.96,,,100.0,,,-1.71,,,0.02,,,-44.6,,,,,,0.06,,,-2.86,,,3.6289666395443447,,,61.45,,,3.96,,,2.25,,
MUFG Bank,,,,85.337,130.19,134.95,,,,,,,,,,,,,930.441,1334.746,1457.399,,,,,,,,,,,,,0.0,0.0,0.0,508.4229999999998,402.22799999999984,716.3900100000005,462.83,911.346,807.49689,,,,853.6629999999998,866.8049999999998,1371.0800100000006,,,,119.91,130.0,222.0,,,,345.24,464.577,654.69,,,,,,,,,,1393.271,2246.092,2264.89589,,,
MUFG Bank Ltd,17368.26,18066.02,21153.3133,,,,,,,91.99270764256853,81.29736153318751,94.6542096179567,18880.04,22222.148,22347.99,,,,,,,1797.524,2484.897,2795.9549,39.738369198370336,50.24226280915778,47.572652842604626,7502.62,11164.91,10631.5317,,,,,,,,,,,,,,,,,,,449.41,628.0,840.021,,,,,,,,,,,,,2.3408755224282727,2.7853471825991334,2.9531362475375382,,,,,,,2246.9339999999997,3112.897,3635.9759000000004
MUFG Bank Ltd.,,,,,,,24.28,22.87,16.51,,,,,,,0.0,0.0,0.0,,,,,,,,,,,,,0.0,0.0,0.0,,,,,,,,,,33.21895022576369,40.57474048258041,35.65271558685199,,,,,,,,,,,,,,,,1.55,1.07,1.68,,,,37040.97,41292.9134,45326.588,,,,,,
Mashreqbank psc,1022.18,1131.56,2563.0641,31.58,30.85,56.133,69.51,66.31,36.71,801.2070857501176,483.5519849579078,620.1856300074261,127.58,234.01,413.2737,0.0,0.0,0.0,2.43,5.24,47.4505,87.08,115.998,165.1287,288.42295030569056,108.36289047476603,94.31398610654391,367.97,253.58,389.7749,0.0,0.0,0.0,0.0,0.0,0.0,34.16000000000001,44.98599999999998,41.6896,33.8,44.84,64.1937,93.29285122826387,89.5367412140575,57.498463870044304,68.71000000000001,79.80599999999998,70.5666,17.86,13.888,17.0821,103.49,112.45,83.38,,,,34.55,34.82,28.877,2.35,3.0,1.97,5.7342789982455065,7.115928248355264,3.737073902592479,1476.21,1556.48,3148.9396,36.23,50.080000000000005,111.64420000000001,104.94,129.886,182.2108
Mizuho Bank Ltd.,13201.9,18170.193,20882.21921,102.27,122.27,159.36,18.21,23.37,21.95,71.3554503394301,83.28122620929976,72.30090566961222,18501.6,21817.874,28882.3757,6.34,6.34,0.0,861.57,1273.948,2098.1252,1451.36,2181.855,3301.3425,31.033532235049943,54.20358555558621,76.75272571154873,5741.7,11826.07,22168.0106,0.0,0.0,0.0,0.0,0.0,0.0,282.97999999999973,439.38699999999966,730.1087000000005,413.61,556.7,503.2601,32.43542088175787,30.409996897273533,19.34585007457373,502.53999999999974,770.6679999999997,1250.0301000000004,326.36,419.461,550.0729,91.0,134.0,234.0,,,,219.56,331.281,519.9214,1.07,1.4,1.57,2.10758138250106,2.4911360799001248,2.3745807218433215,27984.21,36445.5,50670.72637,1275.18,1830.6480000000001,2601.3853,1777.7199999999998,2601.316,3851.4154000000003
NSDL Payment Bank Ltd.,,,,0.19,0.39,0.89,305.89,234.0,142.53,,,,21.73,59.34,178.87,,,,0.37,0.83,3.13,8.8992,11.75,18.22,663.3686148182236,252.5783619817998,142.85235086934645,144.15,149.88,255.52,,,,0.0,0.0,0.0,8.09,1.71,1.8,531.5,716.86,716.71,99.93043412864046,99.88435118226532,99.56518115136697,9.33,2.0,1.74,532.3059,707.94,703.36,7.0,1.0,1.0,,,,1.24,0.29,-0.06,2.94,0.57,0.43,2.1762604613186367,3.2780979827089336,2.926857652695075,391.92,333.12,515.57,531.87,717.69,719.84,541.21,719.69,721.58
Nainital Bank Ltd.,4317.038,4517.8444,4663.9371,10.99,10.79,10.81,16.24,15.22,16.76,56.198114509322004,54.64421952860565,56.4927260758194,7681.82,8267.7444,8255.8188,443.26,398.67,386.2,308.71,372.0458,399.5899,587.73,692.1326,710.4143,277.3071746018522,24.058235278778092,22.491847810419486,21302.238,1989.0734,1856.8862,78.33,41.88,25.92,1.84,0.94,0.56,46.31,47.0966,50.61,216.9,275.5897,263.2381,41.26633815947185,42.55321087247379,39.71439046027023,76.94000000000005,107.2854000000001,89.02610000000004,14.82,62.7883,41.4398,4.26,4.0,4.0,,89.22,92.67,30.6267,60.1868,38.4161,0.54,0.52,0.61,3.2231778253036003,3.4392706769292465,3.3206024364855904,8656.6741,9306.822,9360.4822,525.61,647.6355,662.828,602.5500000000001,754.9209000000001,751.8541
NatWest Markets PLC,0.0,0.0,0.0,0.0,0.0,0.0,348.15,313.42,378.4,,,,0.0,0.0,0.0,0.0,0.0,0.0,101.526,165.97,167.866,190.5,272.59,264.987,,,,4366.54,4340.2,4382.9197,0.0,0.0,0.0,0.0,0.0,0.0,-82.051,-86.6711,61.61800000000001,78.159,31.07,-72.606,43.497787795308454,15.768371904181894,-76.21876968297289,11.435000000000002,76.50890000000001,173.50300000000001,0.62,0.9589,3.776,-390.71,-433.41,324.3,,,,93.486,163.18,111.885,-1.69,-1.79,1.31,1.8333700801355033,2.260210376362549,2.102410040203416,4853.03,4717.26,4619.508,179.685,197.04,95.26000000000002,191.12,273.5489,268.76300000000003
NongHyup Bank,,,,,7.73,9.47,,123.01,82.86,,0.0,1026.0528194147037,,,,,0.0,0.0,,0.003,0.4306,,19.96,22.83,,0.0,0.0,,,,,0.0,0.0,,0.0,0.0,,-0.2870000000000008,-0.5761999999999996,,18.87,22.2335,,99.98410427594978,98.10007897953152,,1.2899999999999991,0.3230000000000004,,0.203,0.1571,,-2.0,-4.0,,,,,1.577,0.8992,,-0.1,-0.17,,6.052643470881832,6.5335250274254975,,329.7237,342.8379,,18.873,22.664099999999998,,20.163,22.987099999999998
NongHyup Bank ^^,,108.0,138.0,,,,,,,,,,,0.2756,13.4496,,,,,,,,,,,,,,0.0,0.0,,,,,,,,,,,,,,,,,,,,,,,,,,,,,,,,,,,,,,,,,,,,,
PT Bank Maybank Indonesia TBK,158.01,193.24,275.305,7.72,9.239,14.42,60.13,90.77,74.87,455.49149610838856,401.57938487115547,233.13348406710196,34.69,48.12,118.089,0.0,0.0,0.0,2.22,3.4,7.489,15.5,20.25,31.0282,196.13721533583168,263.1753948462178,103.68112186571146,68.04,126.64,122.436,0.0,0.0,0.0,0.0,0.0,0.0,1.5100000000000016,8.129999999999999,15.453199999999997,17.27,20.69,23.842,88.60954335556697,85.8862598588626,76.09715617120423,1.7600000000000016,8.27,18.777199999999997,5.75,12.11,19.08,6.26,31.24,57.0,,,,0.25,0.14,3.324,0.61,3.1,3.64,4.465066236298836,4.365058805243252,4.930491117902228,297.42,386.02,477.421,19.49,24.09,31.331,21.25,32.36,50.1082
Paytm Payments Bank Ltd.,,,,1.84,1.11,0.54,28.35,122.6,151.88,,,,3285.27,588.56,429.0,,,,72.36,60.66,8.0,390.23,493.39,124.0,142.67746638784635,182.78107584613295,285.78088578088574,4687.34,1075.7763,1226.0,,,,0.0,0.0,0.0,14.54,-156.1618,-94.0,2583.75,2572.82,315.0,97.27571523769723,97.69658398772727,97.52321981424149,22.12,-111.33,-89.0,2288.01,2028.76,110.0,0.89,-6.89,-11.33,,,,7.5843,44.83,5.0,0.15,-1.69,-4.92,3.2291096304408113,14.983155073733343,6.044815007816571,9843.89,2866.0,1919.0,2656.11,2633.48,323.0,2678.24,2522.15,234.0
Punjab & Sind Bank,76819.43,82736.38,97299.9,21.45,23.35,25.71,17.1,17.16,17.41,70.04886405012186,69.287908714169,74.97640899156856,109665.49,119409.55,129774.02,5648.21,4665.35,3370.6,5019.35,6852.94,7697.64,7992.73,9693.98,11481.3,40.886535955841715,41.53701274311812,36.14923079365192,44838.42,49599.16,46912.31,1411.5,1350.46,937.07,1.8374257658511657,1.63,0.9630739599937925,1313.0299999999986,595.4199999999987,1015.8299999999999,2463.4,2931.57,3276.39,32.92105175236377,29.961336847731772,29.85585058542759,1449.9399999999987,1130.9399999999987,2074.92,939.96,1221.47,1567.65,14.81,6.8,11.45,89.06,88.69,91.38,136.91,535.52,1059.0900000000001,0.98,0.41,0.67,2.1790263891588197,1.9240869333716566,2.338260374475396,136454.52,147656.53,161815.17,7482.75,9784.51,10974.03,8932.689999999999,10915.449999999999,13048.949999999999
Punjab National Bank,830833.98,934430.59,1077474.57,21.64,23.84,26.86,15.5,15.97,17.01,64.84997733699947,68.22091340446761,68.77687723368953,1281163.1,1369712.81,1566623.28,77327.67,56343.05,44081.6,50652.48,66818.55,78978.56,85144.11,106901.62,121760.73,30.909157467928942,30.686594075147767,31.744150386939225,395996.72,420318.21,497311.25,22585.04,6798.77,4290.55,2.7183577638459133,0.73,0.398204293582539,2507.199999999997,8244.619999999995,16630.199999999997,24105.41,28535.8,32260.87,32.24463665306765,29.926060006701316,29.00129027989446,22528.75,24930.809999999998,26830.67,12142.53,13383.54,16309.37,2.57,8.61,17.29,86.9,95.39,96.82,20021.550000000003,16686.190000000002,10200.470000000001,0.18,0.54,0.97,2.3594807816956394,2.5664087271292497,2.3530336999760193,1461831.36,1561835.01,1818170.73,74757.89,95354.35,111239.43,97286.64,120285.16,138070.1
Qatar National Bank,608.42,979.63,1477.2159,58.5,9.0,11.0,52.3,42.06,37.79,75.81652107814428,86.73206491425334,86.54216960852392,802.49,1129.49,1706.9319,52.23,0.0,0.0,64.15,70.61,110.02,88.67,99.46,155.465,41.829804732769254,31.861282525741707,31.102178124387976,335.68,359.87,530.893,0.0,0.0,0.0,0.0,0.0,0.0,0.08999999999998853,-7.570000000000007,12.853099999999994,34.74,40.19,45.021,35.1299423601982,36.272563176895304,29.03812539908798,1.9499999999999886,14.709999999999994,18.531499999999994,12.17,26.05,18.1075,0.36,0.0,0.0,,,,1.86,22.28,5.6784,0.01,-0.53,0.61,2.09750130452263,1.762682454436033,1.9962740902555736,1169.01,1636.71,2276.491,98.89000000000001,110.8,155.041,100.84,125.50999999999999,173.5725
RBL Bank,70209.35,83986.92,92618.27,13.11,14.03,13.38,16.92,16.18,15.54,82.70965755222385,81.15180069105722,83.48235359015528,84886.52,103493.6,110943.53,2419.86,2270.97,2465.47,4678.39,6351.41,7576.05,9676.58,12394.3,14039.07,34.016531717874635,28.577467592198936,28.992001606583095,28875.45,29575.85,32164.75,772.54,619.3,270.79,1.1003377755241999,0.7373767248519174,0.29,882.73,1167.92,695.37,5285.17,6055.03,6642.41,53.04499596529754,48.80553970357331,46.71680336689065,2202.45,3030.75,3626.79,2489.43,3042.89,3806.18,8.0,9.0,5.0,,72.73,96.4,1319.72,1862.83,2931.42,0.83,0.96,0.51,4.313388653302171,4.365234073775171,4.4048382053342054,115876.18,138432.21,146725.48,9963.560000000001,12406.439999999999,14218.46,12166.01,15437.189999999999,17845.25
SBM Bank (India) Ltd.,4835.93,4676.204,4653.6277,23.94,17.01,17.36,16.16,16.9,15.52,66.07788722598664,65.7418317299034,60.440942468386595,7318.53,7112.981,7699.4625,97.48,123.63,162.92,453.39,527.545,545.0702,665.67,752.932,740.8333,50.45699067982231,42.983145884967215,28.72534413928245,3692.71,3057.383,2211.6971,16.59,28.66,45.94,0.3430570748542679,0.61,0.99,20.81999999999998,-43.24699999999987,-87.2005,375.98,428.777,434.0719,45.3332047216562,44.83604894585716,44.33185949210028,37.64999999999998,-16.812999999999874,-62.57060000000001,201.35,186.577,175.7382,4.23,-6.0,-13.0,,,,16.83,26.434,24.6299,0.22,-0.49,-0.98,2.0965387555480053,2.519450294437217,2.042763793941657,10125.26,8945.88,9583.247,829.37,956.3219999999999,979.1421,867.02,939.509,916.5715
Sberbank,23.769,13.7531,,9.36,15.16,,135.34,143.99,,6.276637883229026,0.6474243731637888,,378.69,2124.279,,21.87,21.87,,1.54,0.6753,,191.66,674.045,,365.240698196414,97.58831113992088,,1383.13,2073.048,,0.0,0.0,,0.0,0.0,,366.9599999999999,744.627,,50.21,110.8526,,97.02415458937197,99.39450128622525,,660.31,1321.2745,,520.4,758.7574,,853.37,528.104,,,,,293.35,576.648,,8.47,6.38,,1.9237657725115604,11.95391291152407,,9882.7,5633.0484,,51.75,111.52789999999999,,712.06,1432.8024,
Shinhan Bank,7046.74,8931.3442,10764.6131,41.44,50.13,62.1,21.14,18.01,16.94,81.69091478188288,81.82376128720828,79.60938997698544,8626.1,10915.343,13521.7882,156.23,20.86,25.8,525.53,636.564,736.4002,738.28,892.513,1017.8909,34.58840031995919,26.964457278163405,23.49218796371918,2983.63,2943.263,3176.5639,10.91,6.44,16.34,0.16,0.07,0.15,67.84000000000007,55.4530000000001,100.15300000000008,158.92,189.891,188.9109,23.218642705822194,22.9765685972013,20.415933624918146,140.54000000000008,136.1930000000001,172.71300000000008,86.71,70.135,80.1332,17.99,14.0,26.0,,,,72.7,80.74,72.56,0.52,0.45,0.72,1.9140800719748088,1.9331548177408553,1.7577815077836227,11115.0,13239.9639,16013.9755,684.4499999999999,826.4549999999999,925.3111,824.99,962.648,1098.0241
Shivalik Small Finance Bank Ltd.,1407.37,2095.38,2934.5595,5.01,5.97,6.82,23.46,20.19,20.95,74.29655907847919,86.95749607828492,92.83466621955925,1894.26,2409.66,3161.06,32.73,42.71,80.1265,106.42,144.66,207.69,203.62,280.67,374.81,28.15611373306727,20.568461940688728,20.0732981974401,533.35,495.63,634.529,16.3,17.63,44.246,1.1581886781727622,0.84,1.5077561044511112,2.2245,2.4,0.9399999999999693,105.29,146.16,194.28,49.73312550186576,50.257891479265524,48.3319650720203,7.0,18.0,20.909999999999968,15.1,28.71,48.07,0.24,0.34,0.11,,,,4.7755,16.16,19.97,0.07,0.09,0.03,4.32028801920128,4.490972488212065,4.056546983319417,2249.85,3028.52,4119.76,211.71,290.82,401.97,218.72,309.38,422.88
Slice Small Finance Bank Ltd. (earlier North East SFB),,,,1.98,1.14,1.95,5.5,11.31,20.3,78.60494305339694,52.80638601709694,120.11635888487334,,,,347.33,99.2,184.76,141.33,124.25,200.53,297.69,195.83,409.23,17.076136358064943,36.206953282836594,32.17567131716273,,,,27.16,67.06,135.59,1.71,8.36,4.667678760151057,-212.00000000000006,-152.66000000000003,-216.6899999999999,177.89,174.59,481.15,55.726458241964785,58.42256726007228,70.5829714822204,17.059999999999945,-47.48000000000002,-77.96999999999991,37.59,55.53,194.48,-9.79,-7.36,-8.27,,,,229.06,105.18,138.72,-7.68,-6.28,-7.78,5.768805064860317,4.2441670866561925,4.819972747638515,2710.44,1686.55,4329.9,319.22,298.84000000000003,681.68,336.28,251.36,603.71
Slice Small Finance Bank Ltd.(earlier North East SFB),1603.25,802.43,2904.87,,,,,,,,,,2039.63,1519.57,2418.38,,,,,,,,,,,,,348.29,550.19,778.13,,,,,,,,,,,,,,,,,,,,,,,,,,,,,,,,,,,,,,,,,,,,,
Societe Generale,1276.32,1422.865,827.0142,43.32,45.268,43.736,23.64,29.26,26.01,66.14119366323088,85.95470729735901,40.154374654178206,1929.69,1655.366,2059.5868,78.91,5.637,3.9422,154.55,237.171,194.5653,427.3,504.2497,489.1443,256.8402178588271,315.71688677911715,290.0842392270138,4956.22,5226.27,5974.5367,0.0,0.0,0.0,0.0,0.0,0.0,49.984500000000025,69.08420000000004,101.79810000000003,173.94,196.277,189.7944,52.95138360376267,45.28270980602056,49.37937041786639,93.22000000000003,162.22220000000004,124.24940000000004,-5.59,91.4205,19.4648,67.55,101.59,154.24,,,,43.2355,93.138,22.4513,0.44,0.73,1.06,2.3456857013363743,2.6511165108246346,2.9513809780696154,11627.73,10074.197,9981.0564,328.49,433.448,384.3597,421.71000000000004,595.6702,508.6091
Sonali Bank Ltd.,37.72,13.162,5.5538,5.3856,5.8984,3.936,67.82,127.41,168.68,38.4819424607223,10.608954983274897,5.16421185747229,98.02,124.065,107.544,4.23,4.49,5.63,2.49,2.298,1.5825,6.37,10.255,15.766,36.6965925321363,26.550598476605003,31.236517146470288,35.97,32.94,33.593,0.0,0.2,0.6863,0.02,1.53,12.36,4.49,6.165000000000001,2.6395000000000004,9.18,7.403,11.6756,78.66323907455013,76.31172044119162,88.06390055890361,7.92,11.172,5.0608,13.22,10.618,2.5529,17.26,25.69,8.8,,,,3.43,5.007,2.4213,2.51,2.53,0.86,2.1201027266269605,2.7576001219901025,4.018317646968832,183.01,288.548,352.9711,11.67,9.701,13.258099999999999,19.59,20.873,18.3189
Standard Chartered Bank,85879.62,87076.27,84958.282,32.74,35.3448,39.0424,17.29,16.19,15.16,64.77434924420037,60.43166788938118,58.23200219718942,132582.76,144090.4629,145896.2062,3232.79,2674.37,2016.5312,4105.44,7496.76,7431.291,12313.63,16786.67,16930.1331,71.91326383611262,76.37620685303523,76.03650560174745,95344.59,110050.83,110934.377,375.18,301.88,285.569,0.4368673266136948,0.35,0.34,4621.369999999999,3729.8099999999995,1872.656299999998,4032.29,8421.43,8846.6099,49.55055033774775,52.90444453797824,54.34736305588393,6199.48,5730.129999999999,3659.688299999998,2023.58,4861.65,3007.4561,69.93,57.59,32.14,,,,1578.09,2000.32,1787.032,2.35,1.63,0.75,3.5924215490059854,3.9176426780067137,3.6688026982356896,228486.27,237130.1,258908.5018,8137.73,15918.19,16277.9009,14337.21,21648.32,19937.5892
State Bank of India (SBI),3199269.29,3703971.0,4163312.0,29.78,34.1,37.37,14.68,14.28,14.25,72.31984643749408,75.34403956650802,77.35349365221221,4423777.77,4916077.0,5382190.0,90927.78,84276.0,76880.0,187262.56,255255.0,295524.0,332103.06,415131.0,462489.0,35.498307366375684,33.99743331929097,31.410503902686454,1570366.23,1671340.0,1690573.0,21466.64,21051.0,19667.0,0.6709857174917588,0.57,0.47,50232.44000000001,61077.0,70901.0,97743.14,117761.0,118069.0,32.752460732951484,29.678155932161776,28.48071122107146,83712.95000000001,93797.0,110579.0,36615.59,51682.0,61683.0,21.23,26.2,29.91,91.91,91.89,92.08,33480.51,32720.0,39678.0,0.96,1.04,1.1,2.625359138383306,2.587118391298987,2.5009537821224606,5516978.53,6179694.0,6676053.0,285005.7,373016.0,413593.0,368718.65,466813.0,524172.0
Sumitomo Mitsui Banking Corporation  (SMBC),,,,,,,,,,,,,,,,,,,,,,,,,,,,,,,,,,,,,479.95999999999987,510.9080000000001,656.3510000000001,,,,,,,851.3699999999999,972.2080000000001,1154.8753000000002,,,,,,,,,,371.41,461.3,498.5243,,,,,,,,,,,,,,,
Sumitomo Mitsui Banking Corporation (SMBC),14271.87,20513.622,22546.1116,105.4,135.81,132.72,35.14,20.33,23.29,72.00011502365301,71.71293740751241,74.98760129753384,19822.01,28605.19,30066.4526,0.0,0.0,0.0,860.13,1645.416,2148.8229,1723.05,2789.005,3384.1388,49.572823341326135,45.67227835228502,41.3647182308431,9826.33,13064.642,12436.9034,0.0,0.0,0.0,0.0,0.0,0.0,,,,291.12,482.698,464.0695,25.28729641693811,22.681961586644324,17.760758154449835,,,,279.57,311.317,383.6289,148.93,141.0,166.0,,,,,,,1.59,1.26,1.34,2.469259448225302,2.4728761090775477,2.5646824072762153,34946.51,46245.301,48166.4278,1151.25,2128.114,2612.8924,2002.62,3100.322,3767.7677000000003
Suryoday Small Finance Bank Ltd.,6015.05,8077.97,9974.35,1.98,2.28,2.55,33.72,28.41,25.83,116.41912083488171,103.86639527752027,94.27899516144734,5166.72,7777.27,10579.61,191.4,242.37,733.84,437.11,626.47,847.61,1183.68,1588.7,1953.75,49.74509940542549,33.42175339161428,29.655913592277976,2570.19,2599.3,3137.48,92.97,69.87,457.02,1.5456230621524343,0.86,4.58195270869781,76.70000000000016,215.9600000000001,114.9699999999998,506.53,727.71,934.19,53.67830952481879,53.73805550222275,52.42956560781232,337.46000000000015,453.9100000000001,389.1999999999998,97.42,219.39,217.25,1.37,3.11,0.01,,,,259.76,237.95,274.23,0.87,1.94,0.84,7.57076710589562,7.7739061165694086,7.084106391604155,9861.22,12377.69,15614.39,943.64,1354.18,1781.8000000000002,1281.1000000000001,1808.0900000000001,2171.0
Tamilnad Mercantile Bank Ltd.,37290.0,39733.75,43983.67,19.1,19.44,20.67,26.26,29.37,32.71,78.06808189925889,80.24577164083581,81.92311789984385,47766.0,49515.07,53688.96,521.0,575.06,556.13,1986.92,2697.02,2990.34,4081.04,4847.91,5291.26,29.636142863124398,30.824151111974597,28.12645281264528,14156.0,15262.6,15100.8,230.0,335.82,160.45,0.6167873424510593,0.8451757007581715,0.36,1029.26,1072.03,1182.61,1150.39,1314.05,1405.67,36.66803726759549,32.760585080788914,31.97604191073269,1572.84,1481.78,1745.74,629.11,644.94,850.49,23.04,23.29,24.93,,87.52,71.02,543.5799999999999,409.75,563.13,1.97,1.84,1.88,3.61709992227308,3.494401361050395,3.462640333231653,57895.0,61552.46,66449.87,3137.3100000000004,4011.0699999999997,4396.01,4710.15,5492.85,6141.75
The Federal Bank Ltd.,174446.88,209403.33,234836.39,29.55,32.23,32.41,14.81,16.13,16.4,81.75177720154514,82.92083973478108,82.7916392132812,213386.04,252534.02,283647.47,4183.77,4528.87,4375.54,9571.47,13894.78,16897.26,16803.63,22188.26,26365.25,22.95527392513587,24.099537163349318,23.354909529071424,48983.35,60859.53,66245.61,1205.01,1255.33,1040.38,0.6907604194468826,0.5994794829671525,0.44,3010.59,3720.6,4051.89,4767.77,6198.27,7168.11,33.24980961334074,30.847830468744164,29.785995395042754,4794.39,5174.48,6101.130000000001,2330.0,3079.27,3801.25,22.94,25.96,26.12,,82.68,75.37,1783.8000000000002,1453.8799999999999,2049.24,1.28,1.32,1.23,2.777947746622201,2.6899651586478357,2.7128538060221525,260341.83,308311.8,349004.8,14339.24,20093.050000000003,24065.37,19133.63,25267.53,30166.5
The Jammu & Kashmir Bank Ltd.,82285.45,93762.51,104198.72,15.57,17.81,20.18,15.39,15.33,16.29,67.42608859535554,69.56897917972533,70.13468313070533,122038.0,134776.32,148569.46,5204.43,3956.19,3604.84,4609.83,6008.68,6742.04,9355.11,11212.37,12535.86,28.53959422474967,25.959092813930518,27.739657935083027,34829.15,34986.71,41212.66,1334.24,736.85,818.07,1.6214774300924404,0.785868467045091,0.7851056135814336,1197.38,1767.27,2082.46,3643.6,3752.29,4000.84,44.14649424542281,38.441773717161304,37.241782464292626,1858.49,2276.88,2929.789999999999,756.81,825.48,1136.81,9.06,13.75,16.65,,91.58,90.28,661.11,509.60999999999996,847.33,0.89,1.22,1.32,3.251032150365444,3.3675045828682304,3.418818851671937,145962.26,154526.59,169468.47,8253.43,9760.970000000001,10742.880000000001,10111.92,12037.85,13672.67
The Karnataka Bank Ltd.,59951.62,71508.64,76541.48,17.03,19.21,20.89,17.45,18.0,19.85,68.61964693942326,72.9767721058715,73.0305439048297,87368.01,97988.22,104807.49,2292.91,2578.42,2402.08,4035.13,4999.78,5703.22,7220.23,8298.5,9013.6,26.69898284280482,24.80099138447458,23.411027208074533,23326.37,24302.05,24536.51,1021.27,1129.18,1004.55,1.7034902476363438,1.58,1.31,1180.24,1306.28,1272.37,1969.45,2454.33,2752.86,32.799129997435294,32.92586237659493,32.55480080604725,2208.23,2163.31,1827.0400000000009,992.58,1318.92,1269.52,13.64,14.67,14.54,,79.22,78.0,1027.99,857.03,554.6700000000001,1.21,1.19,1.05,3.2153779277948726,2.8416524263302176,2.738980015022119,99058.34,116084.57,120861.78,6004.58,7454.11,8456.08,8212.81,9617.42,10283.12
The Karur Vysya Bank Ltd.,63134.14,73667.48,84004.54,18.11,18.0,18.91,18.56,16.67,18.17,82.38013256681643,82.66774934038597,82.29446916029596,76637.58,89112.72,102077.99,1458.15,1041.64,641.8,3167.74,4394.74,5418.12,6516.55,8213.16,9678.04,24.5419022886683,25.0733228656919,23.346119961805673,18808.32,22343.52,23831.25,468.15,297.97,166.21,0.7415163966753963,0.4044796971472352,0.2,1106.09,1604.81,1941.64,2031.96,2638.75,2877.14,39.07840836971364,37.516936826525665,34.68414492131651,2475.79,2829.14,3212.33,1158.94,1649.47,1829.55,14.25,17.66,19.68,,94.85,,1369.7,1224.33,1270.69,1.27,1.63,1.72,3.7134969375496096,3.620959655490973,3.56874597775507,90179.42,105453.26,119367.42,5199.7,7033.49,8295.26,7675.49,9862.63,11507.59
The South Indian Bank Ltd.,69804.44,78060.65,85682.07,16.28,17.65,20.36,17.25,19.91,19.31,76.16302433079272,76.58992431926684,79.68527494847739,91651.35,101920.26,107525.6,3708.26,3620.34,2799.83,4221.1,5280.75,5927.67,7233.18,8612.8,9413.31,26.88645611875875,23.52527358152344,20.253018815984287,24641.8,23977.02,21777.18,1293.61,1134.58,790.52,1.8531915734873023,1.45345958559146,0.9226201000979551,775.09,1070.08,1302.88,2317.38,2979.9,3028.99,35.442182280897086,36.07343247807376,33.81829833888972,1507.33,1867.67,2270.08,812.63,1515.52,1813.43,8.18,11.09,14.15,,79.1,,732.24,797.59,967.2,0.73,0.93,1.06,2.7967789242120897,2.837893554867404,2.796226901871339,107698.18,117412.79,124655.12,6538.4800000000005,8260.65,8956.66,8045.81,10128.32,11226.74
UBS AG (earlier Credit Suisse),,,,31.37,71.19,75.83,46.96,86.97,178.76,38.73725670552302,93.26109035995643,63.909734571023044,,,,0.0,0.0,0.0,760.587,420.399,79.7726,1394.93,871.44,398.865,853.416588541206,117.65737653434185,180.62813025107263,,,,0.0,0.0,0.0,0.0,0.0,0.0,259.763,197.32300000000004,173.0544,88.44,104.483,57.929,10.416629859827777,19.90599791953239,42.06850174580398,475.96299999999997,359.624,287.8784,-69.94,13.066,26.715,348.0,304.0,392.0,,,,216.2,162.301,114.824,1.16,1.32,2.74,3.4689028444934427,5.535142567279924,4.099799540595663,18286.56,8148.679,7783.122,849.027,524.8820000000001,137.70159999999998,1324.99,884.5060000000001,425.58
UBS AG (earlier Credit Suisse) !,656.98,2233.148,1566.99,,,,,,,,,,1695.99,2394.512,2451.88,,,,,,,,,,,,,14473.86,2817.32,4428.785,,,,,,,,,,,,,,,,,,,,,,,,,,,,,,,,,,,,,,,,,,,,,
UCO Bank,155870.18,182021.87,215134.58,18.9,20.93,24.35,16.51,16.98,18.49,62.51367322090912,69.17570368415554,73.28915387900982,249337.74,263129.77,293542.18,7726.46,6463.3,5918.54,10307.39,13753.56,15436.83,17650.52,21854.34,25066.9,38.1688508125565,35.3074454479248,32.11548336937472,95169.35,92904.4,94272.49,2018.02,1621.64,1068.1,1.2946799702162404,0.89,0.4964799243338751,1862.3400000000001,1653.7400000000016,2444.96,5510.92,6790.07,7999.41,34.838867110329744,33.05194846285686,34.13265097131622,4340.67,4576.240000000002,6037.29,2508.46,3265.53,4406.63,8.56,7.69,11.59,94.5,95.38,96.69,2478.33,2922.5,3592.33,0.62,0.56,0.76,2.440689032572601,2.5026240266772573,2.6567096964067756,300862.99,323691.45,362481.08,15818.31,20543.629999999997,23436.239999999998,20158.98,25119.87,29473.530000000002
Ujjivan Small Finance Bank Ltd.,21289.66,26882.92,31390.0,2.39,2.5989,2.4275,25.81,24.69,23.1,83.36567769664276,85.44470281313924,83.41642200684124,25537.68,31462.36,37630.48,630.61,612.52,695.89,1467.09,2267.7,2718.12,4165.0,5677.16,6354.39,33.32452282274662,31.04032882466541,31.17151309257814,8510.31,9766.02,11729.99,9.04,76.29,152.43,0.04246192752725971,0.28,0.48560050971647023,1099.920000000001,1281.5000000000005,726.1000000000005,1802.06,2279.1,2793.24,55.12319716134164,50.1253628925838,50.6815014805783,1485.0400000000009,1917.1100000000006,1689.2300000000005,589.19,786.75,846.2,6.33,6.34,3.09,,,,385.12,635.61,963.13,4.04,3.47,1.67,8.09772703806599,8.434618385630477,7.624941941720496,33316.88,40422.22,47689.15,3269.1499999999996,4546.799999999999,5511.36,4754.1900000000005,6463.91,7200.59
Union Bank of India,761845.46,870776.09,953513.34,25.5,28.02,31.0,16.04,16.97,18.02,68.16089613865527,71.28578520038793,72.80119789622064,1117716.32,1221528.37,1309749.52,60987.29,43097.73,35350.38,47978.0,63207.56,70512.3,80743.34,99777.96,107725.97,30.356454847147617,27.662356298773478,27.057188766902545,339299.05,337903.53,354381.4,12927.44,8989.92,5969.29,1.696858572865946,1.03,0.626031094646248,8433.26999999999,13648.31000000002,17987.14,21931.33,24439.96,25936.55,31.371105973980875,27.884371400354514,26.891507778475326,25467.15999999999,28210.63000000002,31090.04,14633.15,16080.19,19812.92,11.16,17.99,24.33,90.34,92.69,94.61,17033.89,14562.32,13102.9,0.69,1.03,1.26,2.558288293729206,2.627263896152241,2.4811500034226626,1280752.45,1391957.62,1499855.71,69909.33,87647.51999999999,96448.85,95376.48999999999,115858.15000000001,127538.89
United Overseas Bank Ltd.,597.89,802.896,631.825,37.38,45.41,33.717,180.93,148.81,167.78,86.58296405711472,90.59679767103347,438.215027586757,690.54,886.23,144.1815,55.0,0.0,0.0,23.75,34.92,26.111,67.1,96.14,88.8389,33.90534943667275,45.876352639833904,278.4085336884413,234.13,406.57,401.4136,0.0,0.0,0.0,0.0,0.0,0.0,23.669999999999995,19.146200000000004,23.882,29.78,34.2568,35.572,55.632355688399024,49.52064854112939,57.66904981923706,24.069999999999993,37.9132,37.351899999999986,10.5,10.95,10.196,98.64,76.59,103.84,,,,0.4,18.767,13.4705,1.69,1.28,1.78,2.718106918475603,3.1502789041434247,4.831297132333141,1594.86,1943.32,1298.3656,53.53,69.1768,61.68300000000001,77.6,107.09,99.0349
Unity Small Finance Bank Ltd.,4468.19,7961.0,10985.18,2.43,3.11,4.67,49.4,36.46,28.75,166.4365906534258,122.38278247501921,91.91165581343202,2684.62,6505.0,11951.89,3767.36,360.21,669.43,174.91,407.0,881.68,734.7,1388.0,2068.57,90.73164917194985,58.80092236740968,43.1060694166362,2435.8,3825.0,5151.99,15.31,50.0,169.37,0.3426443369686607,0.63,1.5418045038861448,34.620000000000076,439.0,482.03000000000026,476.6,808.0,1227.44,73.15313655968443,66.50205761316872,58.196783492641494,151.80000000000007,417.0,727.9700000000003,68.61,244.0,768.52,0.01,0.09,0.1,,,,117.17999999999999,-22.0,245.94,0.43,4.0,2.88,6.389326734639606,7.122114128067373,6.197231194333318,8761.33,13774.0,19151.94,651.51,1215.0,2109.12,803.3100000000001,1632.0,2837.09
Utkarsh Small Finance Bank Ltd.,13068.75,16364.8091,18716.4758,1.67,1.83,1.91,20.64,22.57,20.93,95.32178373087365,93.65984959042811,86.78817174805312,13710.14,17472.5981,21565.6989,431.5,417.5782,1854.38,975.94,1292.6,1742.06,2504.97,3178.41,3764.926,20.856242168205434,21.058489292442435,22.989679689907945,2859.42,3679.4652,4957.8851,50.51,4.48,905.27,0.38649450023912,0.03,4.836754577483011,403.50999999999993,497.6400000000002,23.709300000000667,990.01,1288.87,1615.76,50.35784226455403,49.92775434151859,48.11931550827621,838.3199999999999,997.2800000000002,1006.9360000000006,299.3,400.34,599.83,2.87,3.07,0.13,,,,433.81,499.64,983.2266999999999,2.45,2.46,0.09,7.998047865991125,7.889534716132424,7.191791073695677,19117.54,23902.677,28127.43,1965.95,2581.47,3357.8199999999997,2804.27,3578.75,4364.756
Woori Bank,1947.93,2593.088,2924.502,64.17,68.64,61.05,53.5,34.89,37.75,69.55079568541059,87.3993197712258,81.05693020522477,2800.73,2966.943,3607.96047,7.6,65.77,0.0,243.14,237.169,308.717,311.12,327.477,394.4279,63.980105186862005,60.67983105843287,47.15817742870115,1791.91,1800.336,1701.4484,6.46,49.33,0.0,0.33,1.89,0.0,26.520000000000042,17.91599999999994,-2.484399999999958,57.4,57.717,76.9216,19.09895521394823,19.572648413285133,19.94655099359867,46.89000000000004,65.72259999999994,38.66310000000004,36.31,33.1316,29.8738,35.83,22.0,-2.0,,,,20.37,47.8066,41.1475,0.49,0.38,-0.04,1.5244408365363489,1.570749427218606,1.6778293379874885,4459.34,5749.3575,5108.4397,300.53999999999996,294.886,385.6386,347.43,360.60859999999997,424.30170000000004
YES Bank,203269.44,227799.47,246188.47,15.67,17.42,18.4,17.9,15.4,15.6,93.45641457962705,85.51924549775603,86.52608998017152,217501.86,266372.17,284525.13,4394.57,3982.56,3935.61,14779.86,19491.32,21950.56,22697.43,27585.94,30894.91,35.35064021981238,33.87558467538107,29.911059174281018,76888.3,90235.13,85104.48,1658.09,1329.73,800.14,0.8157104186443374,0.5837283115715766,0.32501115913348827,717.4,1251.08,2405.86,8419.87,9822.66,10547.26,36.29296547847755,33.50844886978841,32.455284692942485,3182.76,3386.2599999999984,4253.949999999997,3685.06,5114.3,5856.86,2.8,4.51,8.49,,66.61,,2465.3599999999997,2135.18,1848.09,0.2,0.3,0.6,2.231645865073699,1.9962416612923441,2.112394647140691,354786.13,405492.99,423422.3,23199.730000000003,29313.98,32497.82,26382.49,32700.239999999998,36751.77
